datetime_stamp,Machine_Id,Plant_Id,Vibration_Level,Motor_Temperature,Oil_Pressure,Power_Consumption,Throughput,Bearing_Wear_Index
2025-08-01 20:00:00,CR-113,PL-04,4.38,73.8,12.33,469.05,297.6,19.4
2025-08-22 14:00:00,CR-126,PL-03,2.85,67.15,13.09,463.03,288.78,12.08
2025-08-26 22:00:00,CR-136,PL-05,3.04,66.67,11.96,461.73,300.73,22.59
2025-08-07 10:00:00,CR-110,PL-02,4.92,67.14,13.5,493.13,324.57,10.82
2025-08-10 07:00:00,CR-143,PL-05,3.52,79.97,12.56,403.25,272.11,20.61
2025-08-22 17:00:00,CR-101,PL-04,3.81,64.77,12.03,440.13,302.67,20.55
2025-08-22 00:00:00,CR-126,PL-02,3.1,71.58,12.64,428.6,325.39,14.76
2025-08-18 15:00:00,CR-115,PL-01,3.67,65.57,13.16,419.27,311.94,16.46
2025-08-14 03:00:00,CR-108,PL-04,4.48,74.1,10.95,460.41,301.52,14.42
2025-08-29 02:00:00,CR-132,PL-05,3.2,69.18,13.66,395.13,320.9,18.52
2025-08-26 20:00:00,CR-109,PL-02,3.41,69.2,12.96,482.18,281.48,3.23
2025-08-10 16:00:00,CR-110,PL-01,5.21,71.79,12.44,454.67,291.88,15.57
2025-08-20 19:00:00,CR-112,PL-05,4.83,67.27,10.76,465.5,314.09,21.31
2025-08-22 00:00:00,CR-124,PL-04,5.12,71.99,11.5,469.63,285.81,21.15
2025-08-18 22:00:00,CR-132,PL-02,1.89,64.01,10.68,473.48,268.13,13.53
2025-08-24 06:00:00,CR-105,PL-01,4.18,59.17,11.55,447.93,318.84,15.38
2025-08-03 18:00:00,CR-113,PL-02,3.35,71.21,10.86,426.42,304.36,20.22
2025-08-21 12:00:00,CR-149,PL-04,3.73,73.84,12.43,445.01,285.75,21.86
2025-08-12 19:00:00,CR-147,PL-04,4.4,65.19,12.7,452.4,303.45,11.87
2025-08-06 21:00:00,CR-123,PL-05,4.54,71.88,11.12,425.69,295.59,14.01
2025-08-23 04:00:00,CR-105,PL-01,3.94,61.37,12.88,438.74,288.08,25.47
2025-08-10 17:00:00,CR-138,PL-02,4.93,66.62,11.33,456.48,321.9,22.05
2025-08-26 22:00:00,CR-105,PL-04,3.48,68.63,11.72,464.8,323.45,19.41
2025-08-03 09:00:00,CR-139,PL-04,3.36,73.5,12.67,429.66,296.94,22.51
2025-08-26 23:00:00,CR-142,PL-02,3.99,73.34,13.29,421.3,272.87,17.55
2025-08-11 13:00:00,CR-136,PL-02,4.27,65.58,13.11,505.11,292.4,10.89
2025-08-08 20:00:00,CR-108,PL-05,2.9,72.55,11.21,429.61,281.47,20.04
2025-08-13 13:00:00,CR-130,PL-05,19.62,112.48,4.88,748.19,138.0,74.21
2025-08-15 19:00:00,CR-126,PL-03,2.65,71.43,12.28,462.5,321.09,17.89
2025-08-11 16:00:00,CR-125,PL-01,4.31,76.59,9.36,464.88,264.26,14.43
2025-08-22 04:00:00,CR-136,PL-04,4.7,70.74,12.05,429.6,307.51,11.11
2025-08-09 11:00:00,CR-135,PL-02,2.31,73.98,14.21,453.73,334.11,15.87
2025-08-15 16:00:00,CR-111,PL-04,4.02,72.15,12.25,456.14,329.41,16.16
2025-08-28 18:00:00,CR-136,PL-03,2.65,70.98,12.76,438.16,309.06,24.29
2025-08-10 08:00:00,CR-150,PL-05,1.85,63.69,11.87,429.41,305.38,18.74
2025-08-21 05:00:00,CR-129,PL-04,4.52,72.63,11.9,416.57,269.34,16.1
2025-08-20 14:00:00,CR-107,PL-01,5.23,70.5,11.83,442.36,360.55,23.64
2025-08-10 01:00:00,CR-141,PL-02,5.05,74.87,13.35,508.46,298.02,8.88
2025-08-20 07:00:00,CR-142,PL-04,3.65,71.31,12.66,421.17,290.97,25.8
2025-08-28 18:00:00,CR-102,PL-04,4.44,63.44,11.35,341.54,299.84,19.45
2025-08-12 07:00:00,CR-117,PL-02,3.97,72.84,11.75,481.44,299.4,22.71
2025-08-20 09:00:00,CR-103,PL-05,4.58,81.0,10.38,494.74,308.21,6.74
2025-08-03 07:00:00,CR-126,PL-01,3.87,79.84,12.43,452.14,270.16,17.94
2025-08-06 11:00:00,CR-131,PL-05,4.27,64.68,11.96,455.72,303.88,15.2
2025-08-24 11:00:00,CR-112,PL-02,3.08,66.12,12.59,449.94,315.28,11.42
2025-08-06 07:00:00,CR-128,PL-04,6.8,76.02,12.86,456.55,261.48,17.25
2025-08-08 23:00:00,CR-104,PL-05,5.7,67.11,11.24,410.65,308.05,14.2
2025-08-10 00:00:00,CR-149,PL-01,4.98,62.07,12.0,431.54,326.42,17.11
2025-08-21 17:00:00,CR-128,PL-01,2.6,71.16,10.08,454.77,311.63,20.81
2025-08-04 07:00:00,CR-125,PL-05,3.67,68.21,12.89,438.92,324.55,13.64
2025-08-30 16:00:00,CR-143,PL-04,2.57,77.45,11.83,462.26,313.44,19.01
2025-08-13 22:00:00,CR-135,PL-03,3.48,59.99,11.85,465.67,307.19,26.25
2025-08-12 14:00:00,CR-148,PL-01,3.55,74.58,13.24,477.04,300.11,25.14
2025-08-21 09:00:00,CR-148,PL-04,3.28,63.93,13.12,448.3,278.28,21.71
2025-08-08 22:00:00,CR-140,PL-05,2.37,61.11,13.29,459.53,299.34,17.31
2025-08-29 02:00:00,CR-104,PL-04,2.3,64.38,12.65,436.72,294.72,13.87
2025-08-04 06:00:00,CR-147,PL-04,4.94,77.89,9.84,448.64,297.04,18.25
2025-08-27 12:00:00,CR-102,PL-05,3.14,70.26,9.56,466.26,342.97,15.18
2025-08-13 01:00:00,CR-138,PL-05,4.8,66.85,13.07,432.19,333.03,15.82
2025-08-12 10:00:00,CR-122,PL-04,4.09,77.73,14.73,489.11,290.73,15.48
2025-08-28 18:00:00,CR-121,PL-03,4.94,66.8,12.1,416.12,303.72,21.12
2025-08-02 14:00:00,CR-142,PL-03,3.94,64.47,12.0,466.77,329.33,19.74
2025-08-17 04:00:00,CR-138,PL-01,4.05,75.09,11.68,488.13,275.8,21.36
2025-08-09 10:00:00,CR-112,PL-03,5.1,65.46,11.63,442.36,309.01,21.51
2025-08-19 09:00:00,CR-104,PL-03,0.47,68.7,11.59,469.03,291.05,18.8
2025-08-17 03:00:00,CR-118,PL-05,6.01,62.39,13.1,493.64,291.36,18.71
2025-08-24 10:00:00,CR-117,PL-05,1.38,70.97,10.98,515.82,302.89,14.84
2025-08-03 16:00:00,CR-118,PL-04,4.02,68.63,13.07,434.82,282.7,24.75
2025-08-14 17:00:00,CR-146,PL-03,4.3,75.59,13.11,414.07,306.17,18.04
2025-08-30 10:00:00,CR-116,PL-02,4.91,75.67,13.82,448.62,316.62,10.86
2025-08-21 13:00:00,CR-143,PL-02,4.22,72.89,11.29,438.07,318.63,12.91
2025-08-11 03:00:00,CR-112,PL-02,3.62,73.56,10.93,460.5,315.32,20.41
2025-08-26 21:00:00,CR-102,PL-04,2.56,74.76,11.58,471.82,272.15,23.31
2025-08-14 00:00:00,CR-143,PL-03,4.68,75.82,11.13,415.07,269.54,13.71
2025-08-03 20:00:00,CR-141,PL-01,6.97,60.89,13.13,490.12,307.16,14.16
2025-08-29 13:00:00,CR-134,PL-02,2.92,62.8,11.18,395.84,309.48,19.25
2025-08-28 04:00:00,CR-138,PL-02,4.41,68.16,12.97,471.84,297.77,16.61
2025-08-26 21:00:00,CR-130,PL-05,3.67,68.89,8.85,471.56,322.98,14.7
2025-08-31 00:00:00,CR-127,PL-03,2.96,63.8,11.84,523.48,330.21,17.26
2025-08-30 06:00:00,CR-146,PL-04,4.82,66.3,11.44,444.69,302.69,13.09
2025-08-13 15:00:00,CR-141,PL-03,3.64,68.69,11.02,446.96,303.83,18.43
2025-08-21 00:00:00,CR-119,PL-04,4.37,69.38,10.92,485.11,295.8,11.48
2025-08-17 01:00:00,CR-138,PL-04,3.06,72.64,12.18,418.06,306.84,16.94
2025-08-24 01:00:00,CR-126,PL-04,5.3,69.65,12.48,460.89,313.82,15.14
2025-08-19 21:00:00,CR-113,PL-03,3.7,68.5,11.5,440.79,305.47,18.9
2025-08-10 21:00:00,CR-132,PL-05,3.04,75.47,11.91,451.15,316.27,15.41
2025-08-06 16:00:00,CR-106,PL-03,18.35,110.57,2.47,718.24,144.6,65.99
2025-08-20 18:00:00,CR-137,PL-01,4.4,72.14,10.84,518.4,327.26,20.72
2025-08-24 00:00:00,CR-101,PL-05,2.26,64.44,13.22,435.49,289.39,12.27
2025-08-03 05:00:00,CR-116,PL-02,3.21,79.48,12.2,436.45,275.89,21.6
2025-08-09 02:00:00,CR-150,PL-01,3.42,73.09,13.06,491.6,316.35,22.51
2025-08-03 23:00:00,CR-127,PL-03,4.56,72.95,11.12,433.13,315.05,17.08
2025-08-09 21:00:00,CR-107,PL-05,3.37,71.18,12.23,402.35,294.17,17.07
2025-08-13 06:00:00,CR-120,PL-04,4.63,72.49,14.45,414.08,311.23,22.22
2025-08-18 11:00:00,CR-109,PL-03,4.45,57.78,12.65,463.34,300.83,13.54
2025-08-15 01:00:00,CR-137,PL-01,5.04,70.99,10.69,436.59,296.39,20.6
2025-08-11 21:00:00,CR-137,PL-02,3.48,80.92,11.59,452.34,332.86,20.72
2025-08-10 19:00:00,CR-116,PL-04,3.01,70.56,11.74,418.92,314.41,14.14
2025-08-17 09:00:00,CR-108,PL-02,4.16,71.73,10.54,483.88,252.38,15.2
2025-08-28 05:00:00,CR-118,PL-04,3.56,64.82,9.83,433.84,305.88,24.49
2025-08-04 10:00:00,CR-104,PL-01,3.74,66.54,12.12,424.12,315.3,19.03
2025-08-29 09:00:00,CR-111,PL-03,5.0,72.11,13.48,413.06,328.67,16.45
2025-08-11 11:00:00,CR-114,PL-05,6.01,67.1,12.1,421.09,308.34,4.52
2025-08-16 19:00:00,CR-144,PL-02,4.06,68.58,10.63,406.51,274.19,20.7
2025-08-16 08:00:00,CR-131,PL-04,3.81,66.55,11.91,504.14,311.17,14.7
2025-08-23 07:00:00,CR-110,PL-02,0.9,72.12,12.35,482.2,319.44,19.05
2025-08-24 23:00:00,CR-119,PL-01,3.08,69.93,13.83,424.98,288.72,17.94
2025-08-24 17:00:00,CR-142,PL-03,4.63,66.12,12.55,461.61,286.09,22.88
2025-08-27 05:00:00,CR-113,PL-02,4.57,71.09,11.6,494.0,313.9,21.96
2025-08-28 15:00:00,CR-108,PL-05,3.63,68.09,13.04,442.16,288.22,24.33
2025-08-25 15:00:00,CR-105,PL-01,3.69,64.05,13.42,439.04,325.94,19.61
2025-08-12 18:00:00,CR-142,PL-01,2.19,70.68,10.88,460.83,306.08,16.79
2025-08-29 10:00:00,CR-138,PL-01,17.51,111.74,5.92,726.15,119.7,87.77
2025-08-12 06:00:00,CR-137,PL-02,3.82,53.44,11.72,485.0,301.2,12.45
2025-08-10 14:00:00,CR-137,PL-02,3.9,63.2,12.61,466.16,287.43,17.07
2025-08-15 18:00:00,CR-147,PL-05,4.51,70.4,11.53,439.25,297.44,25.39
2025-08-23 06:00:00,CR-143,PL-04,4.2,72.07,12.93,450.34,298.14,16.98
2025-08-12 02:00:00,CR-112,PL-04,5.46,66.61,11.84,428.49,300.13,20.04
2025-08-09 05:00:00,CR-134,PL-03,3.49,66.25,12.07,450.87,298.62,21.2
2025-08-08 05:00:00,CR-138,PL-01,4.99,66.62,12.41,490.75,303.68,16.73
2025-08-03 03:00:00,CR-133,PL-02,4.39,65.55,13.57,480.68,287.03,9.69
2025-08-02 15:00:00,CR-128,PL-02,4.41,65.04,12.37,464.73,299.15,14.91
2025-08-02 09:00:00,CR-113,PL-04,4.18,68.5,13.07,430.48,321.52,15.16
2025-08-20 06:00:00,CR-110,PL-04,3.5,72.7,10.7,473.91,346.64,8.59
2025-08-25 13:00:00,CR-123,PL-04,4.94,69.42,12.26,433.46,296.85,25.41
2025-08-28 17:00:00,CR-125,PL-04,3.09,84.35,11.22,410.86,312.32,23.36
2025-08-23 07:00:00,CR-104,PL-01,2.05,71.62,11.85,491.39,289.3,24.62
2025-08-26 03:00:00,CR-148,PL-04,4.02,71.89,11.24,451.75,295.47,20.67
2025-08-09 07:00:00,CR-127,PL-05,4.21,71.6,11.68,466.87,301.79,17.28
2025-08-03 08:00:00,CR-118,PL-01,2.92,53.83,11.78,426.86,339.9,22.39
2025-08-18 15:00:00,CR-128,PL-02,3.56,74.6,11.56,489.44,287.02,17.11
2025-08-11 13:00:00,CR-138,PL-02,3.98,54.12,11.51,493.8,307.22,0.47
2025-08-13 07:00:00,CR-138,PL-01,3.25,67.37,11.49,449.15,278.51,12.64
2025-08-09 09:00:00,CR-132,PL-03,19.51,104.57,5.29,668.38,111.92,75.65
2025-08-09 08:00:00,CR-114,PL-04,3.02,65.03,12.43,515.05,333.62,16.31
2025-08-04 23:00:00,CR-131,PL-02,4.08,67.41,10.82,405.17,299.69,17.0
2025-08-30 20:00:00,CR-103,PL-05,3.69,63.37,12.24,430.82,284.09,14.67
2025-08-04 12:00:00,CR-137,PL-04,3.71,73.55,11.18,521.8,289.63,18.03
2025-08-14 21:00:00,CR-136,PL-04,4.42,64.2,9.23,474.17,307.75,14.62
2025-08-01 05:00:00,CR-142,PL-05,4.05,63.16,13.12,443.52,325.23,11.6
2025-08-11 08:00:00,CR-113,PL-04,5.06,74.76,13.09,497.4,298.01,27.47
2025-08-01 08:00:00,CR-110,PL-03,4.63,72.92,11.1,468.34,295.57,23.06
2025-08-29 22:00:00,CR-119,PL-05,3.83,74.66,12.5,441.6,327.13,20.1
2025-08-20 05:00:00,CR-105,PL-04,3.08,74.9,14.89,449.14,312.54,20.03
2025-08-06 17:00:00,CR-140,PL-02,2.92,79.03,12.02,466.38,260.38,7.27
2025-08-30 16:00:00,CR-129,PL-02,3.98,71.38,13.16,513.43,292.29,28.02
2025-08-01 11:00:00,CR-103,PL-01,2.57,64.92,10.4,526.18,263.47,15.89
2025-08-28 13:00:00,CR-101,PL-01,4.11,72.39,11.69,490.18,280.39,19.43
2025-08-13 20:00:00,CR-149,PL-04,4.59,69.59,12.45,458.9,317.32,15.79
2025-08-03 05:00:00,CR-130,PL-01,3.79,62.65,10.94,419.22,296.49,24.17
2025-08-12 16:00:00,CR-108,PL-01,4.1,65.97,12.99,481.07,310.62,16.74
2025-08-23 08:00:00,CR-109,PL-05,3.47,60.52,11.43,447.85,285.92,13.92
2025-08-19 17:00:00,CR-137,PL-05,4.73,72.54,10.99,422.94,300.27,15.45
2025-08-07 20:00:00,CR-138,PL-02,3.76,79.64,10.97,446.1,329.33,16.75
2025-08-20 04:00:00,CR-142,PL-01,5.24,74.59,13.5,436.84,274.31,15.02
2025-08-15 19:00:00,CR-103,PL-02,3.34,73.98,11.95,438.42,268.37,26.32
2025-08-17 19:00:00,CR-114,PL-05,4.16,75.85,12.67,487.17,308.49,20.05
2025-08-12 06:00:00,CR-140,PL-01,3.36,76.67,12.04,535.89,304.51,15.1
2025-08-03 14:00:00,CR-143,PL-03,4.81,72.49,11.9,440.56,306.22,23.24
2025-08-16 08:00:00,CR-135,PL-01,4.24,66.04,12.65,476.74,342.04,32.87
2025-08-18 11:00:00,CR-143,PL-01,5.17,78.1,11.36,459.08,327.33,16.01
2025-08-30 07:00:00,CR-139,PL-01,1.94,61.72,11.17,484.28,282.1,20.79
2025-08-15 12:00:00,CR-133,PL-04,4.05,62.63,12.49,451.3,282.44,12.27
2025-08-19 19:00:00,CR-118,PL-01,3.51,64.87,10.43,392.46,293.3,20.78
2025-08-08 09:00:00,CR-119,PL-03,4.74,73.6,12.5,452.83,295.29,13.09
2025-08-23 15:00:00,CR-101,PL-01,3.21,72.06,10.84,491.33,326.83,25.08
2025-08-10 11:00:00,CR-105,PL-03,4.99,64.1,11.68,426.76,313.47,7.85
2025-08-08 10:00:00,CR-115,PL-04,2.92,75.2,11.99,477.18,317.1,16.73
2025-08-24 03:00:00,CR-142,PL-01,3.76,64.24,13.32,479.74,273.76,17.72
2025-08-25 11:00:00,CR-132,PL-02,4.25,71.95,11.99,475.49,302.33,16.13
2025-08-06 03:00:00,CR-119,PL-03,3.53,77.0,11.31,473.62,296.59,17.41
2025-08-22 00:00:00,CR-140,PL-02,4.6,72.31,12.59,494.02,332.33,21.05
2025-08-18 18:00:00,CR-126,PL-04,4.58,79.15,10.61,471.11,275.59,19.0
2025-08-01 02:00:00,CR-140,PL-04,19.89,106.54,2.11,671.27,100.01,90.91
2025-08-22 09:00:00,CR-105,PL-05,5.48,69.45,12.07,505.56,275.9,21.94
2025-08-17 05:00:00,CR-106,PL-03,5.09,76.91,12.22,470.38,319.76,13.58
2025-08-25 15:00:00,CR-104,PL-05,3.1,75.91,12.63,426.48,316.14,20.93
2025-08-27 23:00:00,CR-122,PL-02,4.68,71.98,12.35,459.45,292.14,11.31
2025-08-23 05:00:00,CR-137,PL-02,3.38,66.72,11.06,438.9,272.72,9.1
2025-08-19 20:00:00,CR-102,PL-02,3.83,72.27,12.73,466.72,309.13,14.71
2025-08-08 18:00:00,CR-126,PL-05,5.48,69.17,13.41,438.17,324.29,25.69
2025-08-21 06:00:00,CR-130,PL-02,5.24,68.62,11.53,442.06,333.56,26.45
2025-08-27 12:00:00,CR-101,PL-03,5.85,75.81,11.58,497.72,308.17,18.6
2025-08-30 02:00:00,CR-142,PL-02,4.02,68.4,12.22,412.43,268.23,14.41
2025-08-21 23:00:00,CR-105,PL-04,3.39,65.96,11.27,467.99,253.67,20.26
2025-08-17 07:00:00,CR-128,PL-01,3.6,66.32,11.93,491.2,282.21,21.24
2025-08-25 00:00:00,CR-103,PL-05,4.87,71.54,11.56,445.61,296.5,29.61
2025-08-11 10:00:00,CR-128,PL-02,4.49,68.71,13.64,403.63,277.39,10.49
2025-08-23 00:00:00,CR-110,PL-02,4.59,71.19,11.82,483.2,293.75,9.58
2025-08-14 06:00:00,CR-107,PL-05,5.02,75.35,12.35,467.52,311.21,18.24
2025-08-13 20:00:00,CR-107,PL-05,5.31,68.12,13.61,434.5,290.17,23.02
2025-08-11 06:00:00,CR-147,PL-01,3.91,70.2,10.2,481.14,317.84,19.3
2025-08-25 22:00:00,CR-122,PL-01,4.02,69.29,10.35,444.25,282.86,23.29
2025-08-15 05:00:00,CR-103,PL-03,2.97,71.94,12.36,401.1,304.54,19.09
2025-08-14 16:00:00,CR-139,PL-04,3.34,72.62,13.95,444.8,270.2,20.34
2025-08-06 08:00:00,CR-124,PL-02,5.63,68.46,10.73,425.42,288.79,20.27
2025-08-27 18:00:00,CR-147,PL-05,4.53,82.04,12.14,419.2,322.13,12.81
2025-08-19 20:00:00,CR-141,PL-02,3.71,76.89,10.72,483.72,294.75,8.74
2025-08-02 19:00:00,CR-145,PL-05,4.08,74.01,11.65,432.4,297.56,14.26
2025-08-10 19:00:00,CR-103,PL-01,5.03,71.74,12.02,473.91,273.86,17.23
2025-08-24 12:00:00,CR-101,PL-05,5.86,70.67,13.14,424.16,318.77,22.77
2025-08-13 06:00:00,CR-119,PL-01,3.54,70.44,11.5,467.85,306.55,20.23
2025-08-16 10:00:00,CR-105,PL-03,2.72,63.33,11.56,404.35,284.34,15.89
2025-08-29 19:00:00,CR-129,PL-01,3.53,71.64,11.13,405.34,304.94,17.32
2025-08-11 09:00:00,CR-109,PL-05,5.76,72.97,11.02,446.85,273.1,13.9
2025-08-08 17:00:00,CR-126,PL-05,3.47,72.74,12.65,482.54,315.7,15.33
2025-08-10 11:00:00,CR-136,PL-05,4.7,65.84,12.43,430.69,315.95,12.3
2025-08-01 09:00:00,CR-146,PL-01,3.23,64.94,13.38,480.2,291.85,11.29
2025-08-28 06:00:00,CR-133,PL-01,3.58,64.74,11.08,474.39,300.73,16.18
2025-08-17 07:00:00,CR-111,PL-04,5.08,74.09,11.73,438.87,309.07,25.02
2025-08-14 15:00:00,CR-105,PL-02,3.16,75.29,12.43,450.09,302.86,22.41
2025-08-14 13:00:00,CR-116,PL-05,5.62,69.32,12.7,449.65,301.65,24.54
2025-08-14 15:00:00,CR-112,PL-02,4.18,76.32,12.82,442.73,302.22,24.6
2025-08-03 11:00:00,CR-126,PL-05,3.62,68.64,11.42,456.14,284.58,9.46
2025-08-24 04:00:00,CR-141,PL-02,3.97,69.69,13.24,446.97,281.76,16.16
2025-08-04 19:00:00,CR-112,PL-03,2.35,66.26,11.18,438.22,264.76,11.27
2025-08-21 23:00:00,CR-146,PL-03,4.82,58.76,10.21,426.84,302.16,16.09
2025-08-04 17:00:00,CR-140,PL-02,2.66,65.55,10.78,464.6,302.09,10.15
2025-08-30 17:00:00,CR-143,PL-03,3.06,61.74,11.72,460.98,323.81,11.8
2025-08-23 08:00:00,CR-150,PL-01,4.31,70.84,12.68,405.15,329.68,10.81
2025-08-04 21:00:00,CR-130,PL-05,5.12,77.41,12.83,485.56,292.77,13.84
2025-08-06 18:00:00,CR-118,PL-04,3.4,78.02,11.9,465.31,293.67,13.76
2025-08-30 09:00:00,CR-137,PL-03,6.32,61.59,12.2,449.78,286.98,14.93
2025-08-10 21:00:00,CR-110,PL-04,4.15,69.76,11.18,467.36,309.62,18.99
2025-08-28 07:00:00,CR-127,PL-02,5.45,67.58,10.81,430.72,309.75,16.23
2025-08-05 01:00:00,CR-110,PL-03,3.99,76.89,10.88,471.49,308.25,14.93
2025-08-19 03:00:00,CR-141,PL-03,5.46,67.7,12.48,431.53,291.65,16.02
2025-08-27 20:00:00,CR-142,PL-02,4.81,75.97,13.32,474.87,282.54,7.07
2025-08-18 07:00:00,CR-143,PL-01,5.66,69.49,13.51,435.57,289.36,20.26
2025-08-23 22:00:00,CR-103,PL-05,3.06,71.9,11.16,411.08,285.59,20.35
2025-08-14 02:00:00,CR-108,PL-03,2.93,72.79,12.47,492.12,325.91,17.65
2025-08-18 01:00:00,CR-124,PL-01,15.18,119.89,3.27,750.81,117.49,69.63
2025-08-10 08:00:00,CR-108,PL-01,2.27,68.82,12.92,421.94,250.77,23.4
2025-08-16 21:00:00,CR-126,PL-01,3.32,62.53,13.55,435.4,292.04,20.49
2025-08-28 02:00:00,CR-115,PL-02,4.05,76.4,11.51,403.81,298.45,19.62
2025-08-29 06:00:00,CR-138,PL-04,3.94,74.23,12.86,455.7,317.34,15.85
2025-08-04 00:00:00,CR-149,PL-05,3.9,61.57,12.28,404.87,343.26,19.22
2025-08-29 22:00:00,CR-144,PL-04,4.24,73.68,12.14,452.33,288.85,13.95
2025-08-26 06:00:00,CR-106,PL-04,2.86,75.61,10.83,419.22,286.09,19.04
2025-08-05 10:00:00,CR-112,PL-03,4.25,69.21,11.88,476.18,274.17,16.6
2025-08-26 04:00:00,CR-111,PL-02,4.12,66.84,9.96,507.78,319.4,17.39
2025-08-20 10:00:00,CR-114,PL-03,3.57,65.53,11.38,502.08,285.83,18.14
2025-08-27 00:00:00,CR-135,PL-04,5.38,81.82,12.68,521.23,293.78,18.55
2025-08-24 09:00:00,CR-101,PL-03,4.56,64.2,12.76,435.22,321.43,19.65
2025-08-27 11:00:00,CR-142,PL-04,3.33,69.33,12.17,434.95,299.15,6.05
2025-08-30 21:00:00,CR-131,PL-01,1.13,74.36,11.9,432.54,255.33,27.49
2025-08-27 07:00:00,CR-126,PL-02,4.46,69.65,10.64,449.44,348.53,16.94
2025-08-19 03:00:00,CR-130,PL-01,3.8,69.57,11.78,464.83,293.45,15.85
2025-08-21 21:00:00,CR-124,PL-01,4.37,69.16,12.23,486.34,300.84,21.66
2025-08-17 11:00:00,CR-101,PL-05,3.11,76.29,11.94,422.97,334.89,8.97
2025-08-04 04:00:00,CR-110,PL-05,4.29,69.58,13.05,401.06,299.16,15.68
2025-08-09 10:00:00,CR-143,PL-04,15.81,97.79,3.96,799.39,117.49,53.19
2025-08-05 03:00:00,CR-146,PL-05,3.62,63.9,12.16,419.99,256.67,21.05
2025-08-03 07:00:00,CR-134,PL-04,4.52,71.53,14.3,502.38,294.58,15.14
2025-08-28 16:00:00,CR-123,PL-01,2.78,64.59,10.68,456.87,317.2,19.76
2025-08-29 20:00:00,CR-125,PL-02,2.96,77.34,11.43,474.86,315.28,20.23
2025-08-13 12:00:00,CR-130,PL-04,4.42,68.97,13.18,429.46,304.18,10.57
2025-08-06 21:00:00,CR-114,PL-01,2.98,68.93,12.96,407.79,329.63,19.68
2025-08-16 23:00:00,CR-134,PL-04,4.42,68.4,12.4,462.27,310.99,10.32
2025-08-25 00:00:00,CR-147,PL-05,5.47,68.37,13.45,447.22,303.17,22.48
2025-08-03 06:00:00,CR-117,PL-02,3.54,73.59,11.93,454.58,281.77,19.36
2025-08-20 14:00:00,CR-124,PL-05,6.45,65.43,13.02,455.01,270.12,22.78
2025-08-21 11:00:00,CR-103,PL-05,3.99,70.12,10.52,471.66,293.12,17.03
2025-08-08 16:00:00,CR-110,PL-05,4.97,67.13,10.78,451.12,301.04,16.63
2025-08-27 01:00:00,CR-115,PL-04,4.51,71.76,10.85,428.53,303.47,13.55
2025-08-06 10:00:00,CR-127,PL-04,3.76,63.56,13.54,429.1,279.87,15.75
2025-08-16 00:00:00,CR-140,PL-04,3.54,73.72,11.7,482.45,288.86,22.54
2025-08-06 09:00:00,CR-142,PL-02,3.66,62.71,12.55,431.99,298.47,26.59
2025-08-05 06:00:00,CR-149,PL-04,3.84,76.42,13.72,505.47,321.81,11.43
2025-08-29 18:00:00,CR-148,PL-03,3.58,73.28,10.03,415.52,325.6,17.09
2025-08-08 05:00:00,CR-136,PL-05,4.19,70.24,11.61,458.11,330.32,13.51
2025-08-19 16:00:00,CR-112,PL-05,2.38,76.1,11.59,373.02,330.24,15.4
2025-08-25 06:00:00,CR-146,PL-01,4.22,70.65,12.73,480.7,295.73,20.47
2025-08-13 22:00:00,CR-142,PL-01,5.7,71.03,12.09,476.09,311.15,11.71
2025-08-08 14:00:00,CR-105,PL-01,4.58,66.27,12.45,424.01,291.73,21.97
2025-08-26 22:00:00,CR-128,PL-05,3.55,76.05,11.83,382.74,266.84,17.73
2025-08-20 07:00:00,CR-106,PL-03,4.01,70.22,11.85,461.06,322.26,17.26
2025-08-14 17:00:00,CR-132,PL-05,3.31,72.98,12.37,487.96,327.61,16.3
2025-08-21 19:00:00,CR-123,PL-05,4.41,61.07,13.17,477.13,293.02,26.8
2025-08-21 01:00:00,CR-142,PL-05,5.32,67.67,11.36,403.27,307.52,19.21
2025-08-15 03:00:00,CR-128,PL-03,4.95,73.69,10.15,432.41,279.53,19.22
2025-08-17 20:00:00,CR-102,PL-03,3.87,70.58,12.45,424.25,300.75,24.35
2025-08-12 21:00:00,CR-134,PL-01,4.68,74.7,10.86,427.71,340.73,21.08
2025-08-24 12:00:00,CR-115,PL-01,3.87,72.98,12.91,424.86,294.83,30.31
2025-08-23 07:00:00,CR-139,PL-05,3.43,65.45,13.02,468.97,302.48,15.2
2025-08-03 23:00:00,CR-133,PL-04,4.26,75.44,11.71,428.18,306.31,17.21
2025-08-19 16:00:00,CR-148,PL-05,4.63,71.6,11.22,448.69,298.3,17.67
2025-08-08 16:00:00,CR-122,PL-04,4.0,79.2,11.41,479.62,304.54,18.18
2025-08-09 07:00:00,CR-111,PL-02,4.49,67.71,12.2,449.89,315.86,10.65
2025-08-16 14:00:00,CR-101,PL-02,5.48,63.45,11.73,461.36,316.68,27.28
2025-08-05 10:00:00,CR-101,PL-04,3.16,66.94,13.29,457.76,270.27,24.54
2025-08-26 04:00:00,CR-150,PL-03,3.86,76.04,12.07,450.21,287.46,12.13
2025-08-26 02:00:00,CR-125,PL-01,3.32,74.24,11.85,473.83,277.91,15.17
2025-08-13 07:00:00,CR-146,PL-04,4.06,72.45,11.92,441.96,286.26,16.42
2025-08-13 01:00:00,CR-141,PL-03,2.69,69.09,12.98,366.06,307.68,16.08
2025-08-18 20:00:00,CR-102,PL-04,6.4,64.26,12.24,422.41,282.79,15.35
2025-08-02 10:00:00,CR-149,PL-05,4.54,69.43,11.36,466.8,309.33,13.7
2025-08-29 13:00:00,CR-126,PL-02,5.24,61.31,12.0,476.9,246.7,23.11
2025-08-07 14:00:00,CR-133,PL-02,4.13,66.67,13.2,446.54,285.26,13.29
2025-08-04 23:00:00,CR-147,PL-01,5.3,69.28,13.04,466.38,303.45,11.63
2025-08-15 22:00:00,CR-106,PL-04,3.62,68.32,12.49,508.28,295.71,13.48
2025-08-19 15:00:00,CR-115,PL-01,4.91,66.53,12.0,484.38,308.84,15.87
2025-08-23 19:00:00,CR-138,PL-03,3.01,67.88,12.25,468.91,334.26,18.86
2025-08-24 01:00:00,CR-147,PL-02,5.93,66.29,11.8,420.4,304.41,20.53
2025-08-29 04:00:00,CR-138,PL-01,1.97,64.07,12.12,444.13,305.99,27.12
2025-08-05 16:00:00,CR-107,PL-02,4.5,72.21,11.57,415.79,327.25,17.03
2025-08-04 16:00:00,CR-106,PL-05,6.0,70.47,10.08,517.9,297.34,16.37
2025-08-24 07:00:00,CR-118,PL-05,2.91,66.2,11.62,440.79,317.67,13.59
2025-08-28 19:00:00,CR-109,PL-05,2.93,68.03,11.86,465.97,290.46,16.94
2025-08-26 12:00:00,CR-116,PL-03,3.12,70.43,11.2,435.68,321.66,22.78
2025-08-16 07:00:00,CR-105,PL-01,1.68,67.72,11.19,419.83,292.81,14.53
2025-08-19 22:00:00,CR-117,PL-03,4.87,69.72,14.18,415.47,304.97,14.14
2025-08-18 05:00:00,CR-112,PL-04,5.04,77.82,12.74,469.47,282.8,29.35
2025-08-10 15:00:00,CR-102,PL-04,2.75,69.16,12.44,434.7,330.16,17.28
2025-08-03 23:00:00,CR-136,PL-05,5.27,66.08,11.17,431.32,292.32,26.31
2025-08-02 19:00:00,CR-136,PL-02,2.9,71.28,12.37,459.11,301.1,13.67
2025-08-15 21:00:00,CR-115,PL-02,2.64,74.19,12.4,444.96,277.41,24.75
2025-08-03 10:00:00,CR-126,PL-04,3.01,77.79,11.06,444.59,278.73,19.63
2025-08-11 13:00:00,CR-146,PL-03,3.7,64.81,12.17,456.18,284.63,9.31
2025-08-11 06:00:00,CR-144,PL-04,3.49,70.25,11.97,480.75,256.27,13.07
2025-08-18 06:00:00,CR-130,PL-02,4.76,72.46,13.22,384.32,310.89,16.68
2025-08-14 11:00:00,CR-128,PL-05,5.92,71.03,12.32,449.68,291.98,16.05
2025-08-25 04:00:00,CR-142,PL-02,3.54,66.58,11.78,464.25,312.47,13.74
2025-08-28 04:00:00,CR-140,PL-05,5.22,70.75,11.09,469.63,314.42,17.71
2025-08-24 22:00:00,CR-129,PL-03,4.56,67.8,11.9,403.71,309.93,15.82
2025-08-11 11:00:00,CR-116,PL-04,3.02,73.0,12.24,443.12,286.84,17.92
2025-08-07 18:00:00,CR-150,PL-03,3.93,76.56,13.75,481.05,330.77,21.56
2025-08-17 04:00:00,CR-104,PL-04,3.35,71.23,11.92,444.71,301.88,16.3
2025-08-09 11:00:00,CR-145,PL-03,3.05,75.56,11.63,426.6,310.56,22.65
2025-08-28 17:00:00,CR-140,PL-05,3.93,71.81,12.15,468.27,292.86,20.12
2025-08-29 05:00:00,CR-129,PL-03,5.37,67.01,10.53,423.27,337.51,13.94
2025-08-21 16:00:00,CR-128,PL-03,4.16,76.13,13.69,449.06,273.09,25.15
2025-08-04 08:00:00,CR-143,PL-03,3.86,82.3,11.21,431.75,281.72,16.21
2025-08-13 12:00:00,CR-141,PL-01,1.66,67.78,12.57,440.69,265.45,14.09
2025-08-29 08:00:00,CR-118,PL-04,5.58,71.22,13.29,462.24,292.38,16.77
2025-08-09 09:00:00,CR-125,PL-01,3.12,69.67,11.34,443.93,301.08,16.18
2025-08-07 08:00:00,CR-131,PL-04,2.76,69.26,12.45,487.19,320.67,16.54
2025-08-15 18:00:00,CR-133,PL-05,4.59,65.69,12.82,445.79,301.39,14.77
2025-08-30 13:00:00,CR-128,PL-01,3.95,73.76,12.13,476.83,324.05,17.64
2025-08-22 13:00:00,CR-147,PL-02,3.96,74.96,10.84,442.95,284.06,16.78
2025-08-02 16:00:00,CR-121,PL-02,4.12,62.22,11.64,460.08,330.92,19.18
2025-08-06 14:00:00,CR-115,PL-04,4.69,71.26,12.61,451.5,296.44,13.48
2025-08-15 10:00:00,CR-122,PL-01,5.33,77.06,14.02,390.26,339.32,21.11
2025-08-04 09:00:00,CR-133,PL-02,3.79,68.42,12.2,429.66,283.41,23.38
2025-08-30 00:00:00,CR-116,PL-04,2.4,67.76,10.4,482.31,297.52,17.54
2025-08-13 11:00:00,CR-137,PL-02,5.34,66.12,10.98,490.78,305.92,19.54
2025-08-19 05:00:00,CR-106,PL-01,4.03,71.97,11.44,450.56,314.77,16.21
2025-08-19 04:00:00,CR-118,PL-05,2.54,75.5,11.3,442.41,312.18,12.91
2025-08-03 08:00:00,CR-128,PL-03,3.64,67.15,11.03,438.86,299.73,24.31
2025-08-08 08:00:00,CR-138,PL-04,2.96,66.27,13.3,422.89,288.67,16.29
2025-08-10 21:00:00,CR-126,PL-04,4.0,74.21,10.39,457.5,303.98,17.88
2025-08-20 09:00:00,CR-133,PL-02,3.79,62.96,12.64,406.84,304.68,17.4
2025-08-13 23:00:00,CR-124,PL-01,4.07,72.56,11.28,440.38,296.59,11.32
2025-08-14 11:00:00,CR-135,PL-04,2.44,71.84,14.31,511.77,306.58,17.14
2025-08-16 14:00:00,CR-106,PL-02,4.2,74.18,13.67,462.35,260.94,20.81
2025-08-12 19:00:00,CR-131,PL-03,4.89,78.45,13.52,482.39,303.13,25.42
2025-08-29 13:00:00,CR-133,PL-03,3.7,66.57,12.67,449.92,299.67,23.19
2025-08-23 06:00:00,CR-150,PL-04,4.72,64.74,13.0,436.44,284.33,13.52
2025-08-16 21:00:00,CR-118,PL-02,4.4,68.61,13.03,453.33,274.69,26.36
2025-08-14 20:00:00,CR-142,PL-03,2.33,70.87,10.94,466.19,318.04,22.66
2025-08-07 11:00:00,CR-118,PL-01,4.29,71.51,10.69,468.91,299.36,22.83
2025-08-07 13:00:00,CR-112,PL-02,4.4,67.41,11.28,434.96,320.64,24.17
2025-08-22 15:00:00,CR-146,PL-04,5.35,81.56,12.41,416.54,326.56,9.77
2025-08-13 00:00:00,CR-139,PL-01,3.92,59.17,10.69,402.53,333.11,20.94
2025-08-17 07:00:00,CR-149,PL-04,4.24,63.84,11.68,451.24,315.02,15.68
2025-08-27 15:00:00,CR-141,PL-01,3.57,73.82,11.88,460.6,278.93,24.76
2025-08-09 17:00:00,CR-123,PL-01,3.01,76.73,11.64,509.87,338.84,14.19
2025-08-12 18:00:00,CR-103,PL-04,4.64,75.63,13.63,464.13,323.24,19.99
2025-08-30 13:00:00,CR-140,PL-05,4.93,76.84,13.05,444.29,281.4,14.41
2025-08-29 06:00:00,CR-120,PL-04,3.48,76.17,11.37,455.26,290.9,16.34
2025-08-02 15:00:00,CR-132,PL-04,4.6,74.57,12.66,409.85,279.08,17.58
2025-08-18 20:00:00,CR-138,PL-05,4.54,66.32,13.29,457.97,316.61,25.44
2025-08-09 23:00:00,CR-104,PL-01,3.34,78.92,11.22,492.82,302.21,14.91
2025-08-29 06:00:00,CR-106,PL-03,3.42,63.12,12.69,485.41,298.6,15.13
2025-08-24 18:00:00,CR-129,PL-04,1.73,67.68,11.06,490.31,307.57,18.26
2025-08-28 17:00:00,CR-107,PL-01,4.54,66.85,11.78,416.02,302.13,17.52
2025-08-17 01:00:00,CR-106,PL-05,4.05,71.83,12.92,385.14,318.32,26.88
2025-08-19 02:00:00,CR-129,PL-01,5.39,67.66,10.19,435.35,292.71,18.01
2025-08-10 16:00:00,CR-110,PL-04,3.11,61.32,15.03,446.5,309.52,15.77
2025-08-29 20:00:00,CR-131,PL-05,2.4,73.82,10.67,436.71,311.98,14.17
2025-08-30 02:00:00,CR-105,PL-01,2.13,73.05,11.61,463.85,292.77,18.41
2025-08-19 18:00:00,CR-143,PL-03,2.58,70.45,13.35,460.06,313.38,9.74
2025-08-07 00:00:00,CR-134,PL-04,2.98,68.41,8.97,450.2,283.85,12.21
2025-08-19 13:00:00,CR-125,PL-03,2.62,71.62,10.88,449.87,304.99,24.04
2025-08-29 02:00:00,CR-140,PL-03,3.99,72.17,12.21,436.35,312.13,12.7
2025-08-07 20:00:00,CR-122,PL-01,4.12,66.1,12.07,467.04,284.25,13.86
2025-08-08 00:00:00,CR-121,PL-03,3.41,68.51,10.12,470.25,307.85,19.36
2025-08-21 21:00:00,CR-147,PL-02,3.73,68.63,11.37,428.28,279.24,16.95
2025-08-14 17:00:00,CR-150,PL-04,15.08,90.37,2.6,674.51,146.87,55.86
2025-08-20 08:00:00,CR-105,PL-03,5.25,68.61,11.59,461.07,268.04,10.92
2025-08-20 14:00:00,CR-104,PL-01,3.13,68.49,10.57,410.2,318.27,16.44
2025-08-21 04:00:00,CR-119,PL-05,4.11,66.67,11.79,479.94,314.32,20.39
2025-08-29 07:00:00,CR-107,PL-04,2.34,65.38,12.04,444.32,314.51,15.26
2025-08-21 18:00:00,CR-115,PL-03,2.8,74.73,11.68,469.5,268.49,12.88
2025-08-11 07:00:00,CR-123,PL-02,4.07,70.52,11.13,410.65,316.17,17.08
2025-08-16 13:00:00,CR-101,PL-04,3.7,75.71,13.45,434.94,340.92,18.72
2025-08-18 19:00:00,CR-134,PL-04,4.39,72.92,12.29,502.88,275.41,23.81
2025-08-29 03:00:00,CR-101,PL-05,3.45,66.98,12.17,461.37,314.97,17.5
2025-08-22 11:00:00,CR-129,PL-01,5.25,79.68,11.99,500.21,296.21,14.89
2025-08-22 21:00:00,CR-122,PL-03,15.74,101.04,3.05,692.44,131.12,59.53
2025-08-27 11:00:00,CR-115,PL-01,3.94,79.49,12.22,488.71,297.34,30.04
2025-08-18 23:00:00,CR-118,PL-03,4.37,69.98,13.85,421.71,330.51,21.35
2025-08-07 06:00:00,CR-123,PL-05,3.65,70.94,13.91,412.36,282.36,18.03
2025-08-01 21:00:00,CR-108,PL-05,4.48,76.18,11.97,456.54,324.13,15.54
2025-08-29 08:00:00,CR-123,PL-01,3.29,71.89,11.95,465.71,308.49,25.08
2025-08-03 18:00:00,CR-102,PL-04,5.82,65.33,13.91,481.03,287.45,17.19
2025-08-01 02:00:00,CR-104,PL-03,4.29,64.34,9.84,472.33,343.85,12.43
2025-08-10 12:00:00,CR-132,PL-05,3.31,66.85,10.8,435.64,291.47,17.24
2025-08-30 19:00:00,CR-142,PL-01,4.53,77.89,11.21,400.54,308.75,15.53
2025-08-09 11:00:00,CR-150,PL-02,4.38,61.46,11.83,413.97,284.66,13.32
2025-08-10 23:00:00,CR-143,PL-01,3.95,73.93,12.88,461.55,305.14,19.36
2025-08-02 22:00:00,CR-147,PL-02,2.91,71.06,12.34,473.01,284.94,24.54
2025-08-17 10:00:00,CR-112,PL-01,4.05,68.44,12.28,435.69,313.03,19.07
2025-08-28 22:00:00,CR-134,PL-02,4.84,66.75,11.46,438.55,303.14,11.16
2025-08-30 20:00:00,CR-122,PL-02,6.21,85.33,11.28,441.02,308.23,14.09
2025-08-23 12:00:00,CR-112,PL-03,4.23,74.62,11.39,494.28,287.87,9.1
2025-08-22 02:00:00,CR-115,PL-03,3.97,77.89,12.46,461.83,236.49,20.9
2025-08-27 02:00:00,CR-106,PL-01,4.24,72.7,12.1,487.54,316.6,23.24
2025-08-30 18:00:00,CR-120,PL-02,2.92,72.05,12.95,430.23,276.09,26.36
2025-08-06 18:00:00,CR-139,PL-02,4.28,76.21,12.66,476.37,288.04,9.96
2025-08-19 17:00:00,CR-150,PL-05,3.4,78.88,12.98,392.99,318.01,15.56
2025-08-09 19:00:00,CR-107,PL-01,4.85,66.71,13.22,419.12,309.3,17.05
2025-08-28 04:00:00,CR-150,PL-04,3.61,70.64,12.24,421.14,315.98,28.77
2025-08-07 14:00:00,CR-140,PL-01,3.37,70.4,12.05,500.86,294.84,17.58
2025-08-25 15:00:00,CR-116,PL-04,5.44,63.14,11.33,473.79,295.34,18.12
2025-08-22 08:00:00,CR-112,PL-02,4.2,72.78,11.35,524.14,287.16,17.4
2025-08-19 11:00:00,CR-118,PL-02,2.25,67.03,11.17,494.91,321.0,25.17
2025-08-27 03:00:00,CR-103,PL-01,5.6,62.11,12.58,456.22,309.31,11.59
2025-08-04 18:00:00,CR-133,PL-02,5.46,70.83,8.93,453.8,304.52,19.37
2025-08-09 01:00:00,CR-113,PL-01,3.89,66.76,12.26,508.54,284.99,30.2
2025-08-27 15:00:00,CR-143,PL-04,3.89,77.07,11.81,479.19,299.38,25.25
2025-08-24 23:00:00,CR-137,PL-01,3.05,61.79,12.43,449.53,270.21,13.7
2025-08-07 14:00:00,CR-144,PL-04,3.97,69.91,12.65,458.06,304.94,18.28
2025-08-23 22:00:00,CR-104,PL-01,3.89,66.82,13.8,401.82,317.7,20.93
2025-08-30 08:00:00,CR-117,PL-01,3.47,66.2,13.93,465.91,284.8,15.46
2025-08-14 17:00:00,CR-111,PL-03,4.77,57.92,12.86,456.58,297.52,16.47
2025-08-21 01:00:00,CR-114,PL-01,4.76,75.31,11.4,452.57,327.15,10.43
2025-08-26 19:00:00,CR-105,PL-05,3.02,70.99,10.36,441.99,274.76,22.77
2025-08-02 02:00:00,CR-126,PL-03,5.47,65.07,12.28,442.95,305.93,12.31
2025-08-14 19:00:00,CR-147,PL-03,4.62,73.73,10.85,432.93,285.86,22.99
2025-08-01 19:00:00,CR-116,PL-05,4.57,72.47,11.04,464.85,286.75,16.84
2025-08-04 09:00:00,CR-112,PL-02,4.13,74.97,13.93,472.68,281.72,11.93
2025-08-23 11:00:00,CR-111,PL-03,4.89,73.94,11.39,428.8,301.02,12.81
2025-08-16 09:00:00,CR-148,PL-03,3.01,76.96,12.25,459.84,303.16,16.5
2025-08-27 00:00:00,CR-147,PL-01,4.91,71.46,9.83,442.6,276.23,15.78
2025-08-05 12:00:00,CR-124,PL-04,3.29,69.18,10.65,430.87,262.25,12.21
2025-08-15 21:00:00,CR-110,PL-03,2.46,71.45,13.0,443.03,319.61,14.54
2025-08-19 19:00:00,CR-143,PL-04,3.97,69.15,11.16,459.28,295.17,17.15
2025-08-11 05:00:00,CR-136,PL-05,2.88,74.92,12.42,492.72,279.43,12.45
2025-08-29 10:00:00,CR-148,PL-02,3.93,71.08,13.27,423.98,300.33,18.42
2025-08-29 17:00:00,CR-115,PL-04,2.96,72.95,11.95,488.93,309.44,15.74
2025-08-25 13:00:00,CR-150,PL-01,2.9,70.75,10.58,418.72,278.52,9.78
2025-08-16 11:00:00,CR-124,PL-01,2.58,71.13,10.56,466.2,305.39,22.62
2025-08-06 13:00:00,CR-126,PL-05,4.06,76.2,12.87,442.25,338.31,16.85
2025-08-27 02:00:00,CR-119,PL-01,2.85,77.55,12.39,464.9,309.89,20.07
2025-08-27 23:00:00,CR-150,PL-04,5.1,72.21,12.0,431.46,309.69,15.05
2025-08-15 16:00:00,CR-135,PL-01,4.33,64.4,11.57,429.71,285.4,23.87
2025-08-29 09:00:00,CR-150,PL-03,3.99,72.19,11.04,440.93,294.83,24.4
2025-08-22 21:00:00,CR-133,PL-03,4.12,62.27,10.41,500.97,352.61,19.7
2025-08-09 13:00:00,CR-132,PL-01,5.72,64.68,12.36,479.06,292.2,22.29
2025-08-25 00:00:00,CR-128,PL-03,3.72,73.34,10.12,477.16,277.18,8.77
2025-08-22 01:00:00,CR-127,PL-03,4.19,70.58,9.72,494.05,283.6,16.19
2025-08-11 04:00:00,CR-118,PL-05,3.41,62.4,12.22,481.71,297.73,16.04
2025-08-16 03:00:00,CR-106,PL-02,4.88,62.43,10.28,478.67,264.45,25.61
2025-08-11 02:00:00,CR-129,PL-03,2.42,72.84,10.0,451.02,279.0,12.35
2025-08-25 00:00:00,CR-104,PL-02,4.22,72.45,11.92,387.92,306.88,20.1
2025-08-23 16:00:00,CR-134,PL-04,4.8,65.27,12.38,477.8,292.89,18.67
2025-08-02 05:00:00,CR-129,PL-04,2.97,72.83,12.29,444.1,271.37,15.77
2025-08-12 11:00:00,CR-137,PL-03,3.82,66.88,11.06,427.23,277.81,15.49
2025-08-11 08:00:00,CR-147,PL-01,4.82,66.6,10.81,460.14,309.04,17.47
2025-08-05 23:00:00,CR-138,PL-04,4.25,67.79,13.23,447.12,298.23,17.52
2025-08-07 04:00:00,CR-108,PL-05,3.62,78.63,12.16,475.15,314.54,24.5
2025-08-28 15:00:00,CR-144,PL-01,4.28,71.42,12.61,436.77,332.7,14.12
2025-08-16 02:00:00,CR-113,PL-01,5.47,76.75,13.39,428.84,290.87,14.77
2025-08-27 23:00:00,CR-103,PL-03,2.63,76.61,12.72,450.52,305.17,18.64
2025-08-23 05:00:00,CR-107,PL-01,12.42,118.42,3.2,667.86,141.42,91.18
2025-08-21 18:00:00,CR-108,PL-02,4.31,73.58,12.78,441.22,286.01,17.65
2025-08-14 00:00:00,CR-119,PL-05,2.81,73.57,11.0,461.15,287.38,14.19
2025-08-26 15:00:00,CR-101,PL-03,4.32,68.84,12.7,471.16,308.74,16.49
2025-08-05 13:00:00,CR-124,PL-01,3.78,67.53,11.68,471.48,299.85,18.85
2025-08-13 19:00:00,CR-111,PL-03,2.85,61.29,11.06,480.41,313.18,15.77
2025-08-03 06:00:00,CR-114,PL-03,3.11,75.01,11.43,426.14,302.77,21.59
2025-08-14 09:00:00,CR-113,PL-04,3.38,73.12,12.4,453.34,293.4,22.68
2025-08-03 17:00:00,CR-105,PL-03,2.87,70.31,13.08,442.71,316.04,16.56
2025-08-19 00:00:00,CR-144,PL-05,3.45,67.77,12.36,461.7,269.44,27.97
2025-08-24 20:00:00,CR-118,PL-05,2.82,66.76,11.79,382.22,297.03,22.69
2025-08-09 21:00:00,CR-146,PL-01,2.91,74.37,13.23,532.35,284.46,13.74
2025-08-12 10:00:00,CR-142,PL-05,4.17,79.42,10.69,492.7,311.7,24.37
2025-08-23 07:00:00,CR-105,PL-02,3.93,77.21,11.05,423.83,294.12,23.06
2025-08-30 06:00:00,CR-133,PL-03,4.74,69.01,10.86,469.07,312.68,14.55
2025-08-25 03:00:00,CR-147,PL-01,3.38,58.8,11.5,428.96,317.12,22.59
2025-08-13 12:00:00,CR-140,PL-02,3.97,80.68,11.76,458.22,328.13,13.53
2025-08-26 22:00:00,CR-131,PL-02,5.34,68.7,12.3,470.47,293.91,17.84
2025-08-04 20:00:00,CR-137,PL-03,3.9,75.74,13.05,471.38,299.6,16.93
2025-08-27 09:00:00,CR-103,PL-03,2.36,72.2,11.05,454.19,289.6,20.04
2025-08-19 04:00:00,CR-142,PL-05,3.26,67.82,14.32,481.33,294.48,18.5
2025-08-07 11:00:00,CR-114,PL-05,3.46,76.51,10.63,466.32,322.93,12.66
2025-08-23 12:00:00,CR-104,PL-01,5.57,75.82,10.96,435.13,296.38,14.79
2025-08-13 03:00:00,CR-109,PL-01,3.87,66.27,11.09,419.1,297.62,16.72
2025-08-03 17:00:00,CR-133,PL-03,4.6,74.09,13.06,477.16,334.15,13.26
2025-08-21 03:00:00,CR-141,PL-03,1.84,66.15,13.11,466.19,302.52,14.22
2025-08-11 10:00:00,CR-101,PL-05,4.06,63.44,12.39,457.9,318.01,17.89
2025-08-07 11:00:00,CR-140,PL-04,3.07,74.56,12.6,450.26,323.45,15.43
2025-08-26 20:00:00,CR-116,PL-03,4.41,75.3,11.88,431.09,292.22,15.59
2025-08-09 03:00:00,CR-131,PL-04,5.44,65.56,12.14,401.71,310.82,19.31
2025-08-19 11:00:00,CR-104,PL-02,4.86,69.08,11.18,461.05,289.07,19.15
2025-08-13 02:00:00,CR-150,PL-03,2.41,63.75,12.37,441.9,283.41,9.99
2025-08-17 03:00:00,CR-145,PL-01,3.55,66.8,11.28,426.93,284.54,15.9
2025-08-08 11:00:00,CR-102,PL-05,3.26,70.61,13.53,459.81,316.8,16.66
2025-08-20 06:00:00,CR-127,PL-02,3.75,67.76,10.87,446.57,314.28,14.01
2025-08-26 03:00:00,CR-115,PL-05,3.9,69.34,11.78,444.66,294.63,14.18
2025-08-01 22:00:00,CR-103,PL-03,1.55,73.41,11.51,484.85,306.45,9.95
2025-08-05 06:00:00,CR-122,PL-02,4.15,57.59,12.74,446.34,315.94,23.25
2025-08-10 13:00:00,CR-109,PL-02,3.94,73.32,10.91,485.82,303.21,19.86
2025-08-23 14:00:00,CR-138,PL-02,5.36,67.14,11.52,421.68,288.59,19.37
2025-08-24 22:00:00,CR-104,PL-04,2.05,64.26,10.36,399.08,335.48,11.72
2025-08-13 15:00:00,CR-109,PL-05,4.93,63.39,13.76,501.14,318.91,24.67
2025-08-30 02:00:00,CR-134,PL-01,4.25,57.8,12.71,471.2,279.61,17.23
2025-08-14 15:00:00,CR-132,PL-04,17.9,90.79,2.61,638.15,105.21,94.27
2025-08-30 09:00:00,CR-139,PL-03,4.53,72.18,11.58,441.68,312.51,27.89
2025-08-20 14:00:00,CR-141,PL-04,5.34,71.52,12.19,450.47,278.62,28.35
2025-08-27 11:00:00,CR-124,PL-04,3.88,68.32,12.98,456.63,308.9,20.39
2025-08-04 12:00:00,CR-119,PL-05,4.51,57.85,12.84,500.98,284.79,14.3
2025-08-26 09:00:00,CR-150,PL-04,3.23,65.9,12.74,477.82,290.46,25.72
2025-08-16 03:00:00,CR-125,PL-03,2.76,69.86,10.91,433.59,289.19,11.02
2025-08-13 18:00:00,CR-120,PL-02,4.44,68.24,13.16,483.65,287.86,16.66
2025-08-12 05:00:00,CR-118,PL-03,2.64,71.89,11.81,468.66,299.74,19.96
2025-08-12 14:00:00,CR-149,PL-01,3.41,75.17,12.19,473.67,268.0,12.5
2025-08-05 09:00:00,CR-108,PL-03,3.68,66.71,11.56,465.18,337.71,20.43
2025-08-04 21:00:00,CR-136,PL-03,3.6,74.63,12.21,436.96,261.13,19.79
2025-08-17 12:00:00,CR-116,PL-04,5.37,66.45,14.63,478.23,304.32,20.82
2025-08-25 22:00:00,CR-110,PL-02,4.35,74.26,11.27,422.43,273.47,18.95
2025-08-13 05:00:00,CR-141,PL-05,4.18,70.18,13.45,468.18,288.7,14.26
2025-08-21 19:00:00,CR-105,PL-05,5.1,62.9,11.9,463.69,323.75,13.7
2025-08-25 11:00:00,CR-124,PL-04,4.93,67.34,12.17,497.33,272.54,24.24
2025-08-03 10:00:00,CR-136,PL-04,4.0,68.29,12.89,379.86,283.29,13.52
2025-08-24 16:00:00,CR-149,PL-02,3.17,79.0,11.75,440.26,263.2,17.53
2025-08-30 06:00:00,CR-117,PL-02,4.74,67.43,11.84,460.55,296.97,21.79
2025-08-25 06:00:00,CR-141,PL-03,4.06,74.2,11.53,420.55,258.05,17.22
2025-08-06 02:00:00,CR-147,PL-03,2.75,74.31,11.87,488.11,299.34,22.89
2025-08-19 10:00:00,CR-122,PL-02,3.89,62.94,13.71,472.15,290.09,19.26
2025-08-24 06:00:00,CR-118,PL-05,4.02,69.08,11.9,438.84,322.23,16.61
2025-08-29 06:00:00,CR-143,PL-02,4.03,72.73,12.7,465.88,285.56,17.39
2025-08-24 12:00:00,CR-112,PL-04,2.68,73.35,10.92,458.52,272.43,21.24
2025-08-05 22:00:00,CR-144,PL-03,4.41,73.03,11.85,435.82,338.64,23.09
2025-08-28 14:00:00,CR-107,PL-05,4.74,68.3,12.51,474.8,294.91,17.49
2025-08-28 11:00:00,CR-133,PL-05,3.03,63.6,12.33,465.01,327.48,18.76
2025-08-20 22:00:00,CR-109,PL-02,4.31,70.87,12.33,488.18,288.67,22.53
2025-08-12 23:00:00,CR-129,PL-05,3.75,69.23,11.82,406.71,317.46,15.16
2025-08-27 04:00:00,CR-101,PL-03,5.88,67.45,11.73,420.78,263.05,13.97
2025-08-28 08:00:00,CR-134,PL-05,3.44,69.28,11.3,458.94,296.15,26.46
2025-08-15 21:00:00,CR-140,PL-01,3.66,62.48,11.81,444.29,283.39,25.95
2025-08-10 13:00:00,CR-135,PL-04,4.98,61.9,12.8,483.72,337.07,14.27
2025-08-10 21:00:00,CR-113,PL-03,6.54,72.49,11.05,468.69,307.84,23.91
2025-08-30 05:00:00,CR-150,PL-05,1.28,70.91,13.63,424.37,304.18,22.31
2025-08-04 16:00:00,CR-120,PL-03,5.58,65.1,11.31,441.74,251.44,8.89
2025-08-14 08:00:00,CR-125,PL-04,2.75,66.08,11.88,413.55,253.31,19.11
2025-08-29 15:00:00,CR-142,PL-02,3.16,75.58,11.29,479.65,285.7,17.34
2025-08-12 22:00:00,CR-147,PL-01,2.82,73.15,12.32,383.07,280.27,20.68
2025-08-07 03:00:00,CR-109,PL-03,5.13,63.3,12.39,432.73,286.43,14.0
2025-08-14 15:00:00,CR-104,PL-01,3.27,75.3,10.75,463.41,279.7,23.59
2025-08-05 11:00:00,CR-129,PL-03,18.21,103.48,3.46,774.65,144.9,59.07
2025-08-24 09:00:00,CR-101,PL-02,3.64,69.05,12.18,502.43,370.19,24.18
2025-08-12 14:00:00,CR-140,PL-03,3.07,73.24,12.65,449.1,276.13,14.82
2025-08-15 01:00:00,CR-110,PL-05,2.58,65.95,13.73,436.02,333.4,20.91
2025-08-13 16:00:00,CR-122,PL-03,5.22,70.57,11.84,443.66,306.4,20.34
2025-08-30 19:00:00,CR-134,PL-05,4.4,66.0,11.26,424.13,308.11,21.83
2025-08-15 00:00:00,CR-132,PL-04,3.06,75.91,11.49,395.79,296.66,17.47
2025-08-22 17:00:00,CR-129,PL-05,4.12,71.9,12.87,420.71,270.07,21.64
2025-08-24 04:00:00,CR-103,PL-03,4.3,65.0,12.7,442.76,311.34,16.97
2025-08-09 08:00:00,CR-107,PL-05,3.72,63.28,11.58,426.37,305.63,19.56
2025-08-26 13:00:00,CR-108,PL-02,3.22,73.86,11.71,406.93,314.78,11.05
2025-08-26 12:00:00,CR-137,PL-05,4.34,70.24,13.44,476.65,304.14,20.08
2025-08-19 08:00:00,CR-146,PL-05,4.94,73.57,10.45,438.46,271.97,19.01
2025-08-10 11:00:00,CR-112,PL-05,5.05,73.73,11.01,453.73,317.96,23.46
2025-08-15 03:00:00,CR-116,PL-04,4.82,72.2,12.88,437.98,299.08,14.38
2025-08-27 19:00:00,CR-125,PL-04,3.86,63.38,10.28,496.53,305.63,17.28
2025-08-04 16:00:00,CR-105,PL-05,3.79,70.08,12.17,444.0,285.24,24.23
2025-08-01 01:00:00,CR-103,PL-05,3.95,62.73,11.91,491.04,327.32,12.3
2025-08-24 04:00:00,CR-150,PL-01,4.64,63.22,12.09,486.33,270.99,12.21
2025-08-11 03:00:00,CR-121,PL-01,4.85,64.8,11.64,491.83,277.27,21.51
2025-08-10 12:00:00,CR-142,PL-03,4.13,70.27,13.01,458.91,331.98,13.02
2025-08-03 13:00:00,CR-128,PL-01,4.51,75.43,13.43,450.71,306.55,15.88
2025-08-10 15:00:00,CR-119,PL-05,2.29,68.72,12.71,415.2,346.83,20.96
2025-08-20 12:00:00,CR-117,PL-02,3.58,72.15,13.7,452.9,314.4,11.88
2025-08-24 01:00:00,CR-105,PL-02,4.07,71.43,12.51,452.0,286.73,20.05
2025-08-09 08:00:00,CR-117,PL-04,3.63,71.44,13.92,442.5,305.14,17.13
2025-08-11 05:00:00,CR-116,PL-03,5.22,74.92,12.1,470.81,309.41,11.38
2025-08-10 23:00:00,CR-111,PL-03,2.2,70.14,11.14,430.15,298.77,13.59
2025-08-19 06:00:00,CR-149,PL-05,4.91,72.98,11.2,413.4,303.06,9.77
2025-08-10 04:00:00,CR-116,PL-02,5.64,69.05,11.07,443.76,278.75,20.79
2025-08-08 12:00:00,CR-126,PL-05,3.81,64.56,12.0,433.27,285.31,27.52
2025-08-28 15:00:00,CR-141,PL-04,5.25,70.81,11.35,481.11,269.95,14.34
2025-08-17 12:00:00,CR-128,PL-04,3.39,71.87,12.62,389.53,317.42,12.68
2025-08-21 12:00:00,CR-111,PL-02,3.69,63.67,12.75,408.55,280.38,25.49
2025-08-02 18:00:00,CR-133,PL-03,3.35,75.31,13.07,475.26,306.13,18.88
2025-08-04 06:00:00,CR-108,PL-01,4.38,72.76,11.21,496.93,314.42,10.02
2025-08-29 21:00:00,CR-133,PL-02,3.7,69.59,11.51,412.59,287.7,28.61
2025-08-26 19:00:00,CR-107,PL-02,3.16,69.16,12.27,446.43,262.34,13.15
2025-08-15 05:00:00,CR-140,PL-04,5.06,72.69,14.35,455.62,330.52,14.59
2025-08-20 04:00:00,CR-138,PL-04,6.48,67.37,12.93,431.1,278.5,10.19
2025-08-11 13:00:00,CR-109,PL-05,4.42,74.28,10.46,478.16,333.6,15.52
2025-08-28 04:00:00,CR-129,PL-03,4.08,77.75,13.31,410.48,306.91,13.9
2025-08-29 06:00:00,CR-116,PL-02,4.25,69.96,13.12,513.24,323.27,21.38
2025-08-14 16:00:00,CR-132,PL-02,3.57,68.19,11.98,466.7,288.44,18.65
2025-08-10 00:00:00,CR-104,PL-02,3.13,77.13,11.46,371.76,292.86,16.11
2025-08-02 01:00:00,CR-127,PL-04,5.3,77.78,12.05,489.31,281.41,22.13
2025-08-12 21:00:00,CR-128,PL-01,4.85,65.38,11.54,461.23,318.0,9.63
2025-08-26 15:00:00,CR-123,PL-01,3.74,70.42,12.28,492.66,302.09,19.2
2025-08-23 01:00:00,CR-121,PL-03,4.93,74.62,12.25,431.82,317.91,10.62
2025-08-16 16:00:00,CR-127,PL-03,4.14,76.16,11.35,406.82,295.91,17.61
2025-08-10 14:00:00,CR-113,PL-05,3.06,68.94,11.94,442.07,292.33,20.61
2025-08-15 15:00:00,CR-117,PL-02,3.02,79.38,12.53,466.21,299.67,8.54
2025-08-21 19:00:00,CR-121,PL-02,4.26,71.65,12.84,405.11,291.42,26.03
2025-08-26 17:00:00,CR-127,PL-01,3.84,71.88,13.91,495.94,309.24,25.6
2025-08-08 01:00:00,CR-118,PL-03,2.91,66.59,11.93,459.41,305.14,25.16
2025-08-10 01:00:00,CR-110,PL-02,4.29,69.2,10.57,460.15,291.33,7.33
2025-08-27 06:00:00,CR-117,PL-02,3.19,70.63,12.66,454.07,282.45,19.49
2025-08-28 06:00:00,CR-111,PL-01,10.81,90.19,4.44,630.83,143.77,84.26
2025-08-17 02:00:00,CR-115,PL-03,3.12,70.49,12.16,447.29,332.16,22.27
2025-08-15 04:00:00,CR-118,PL-04,5.11,67.34,12.55,453.38,281.82,17.72
2025-08-07 02:00:00,CR-111,PL-02,4.48,69.07,12.15,414.37,300.16,18.18
2025-08-08 21:00:00,CR-133,PL-05,3.03,81.33,13.33,498.17,286.55,19.76
2025-08-11 22:00:00,CR-131,PL-04,3.86,66.26,10.22,488.53,311.57,14.91
2025-08-14 23:00:00,CR-110,PL-01,4.02,69.17,11.72,472.86,358.66,11.66
2025-08-25 11:00:00,CR-148,PL-01,4.41,71.71,10.2,453.07,309.36,22.58
2025-08-15 06:00:00,CR-146,PL-01,5.03,72.07,12.89,465.73,311.67,20.43
2025-08-14 16:00:00,CR-149,PL-05,4.37,72.25,12.4,434.95,302.67,13.82
2025-08-19 07:00:00,CR-114,PL-02,4.42,63.62,13.05,417.99,307.8,21.1
2025-08-11 11:00:00,CR-150,PL-03,2.82,69.66,11.76,471.9,325.28,16.57
2025-08-11 15:00:00,CR-120,PL-01,3.32,59.72,11.87,481.22,306.85,18.09
2025-08-27 23:00:00,CR-141,PL-04,3.0,79.0,10.58,424.61,318.1,26.58
2025-08-21 16:00:00,CR-132,PL-01,4.85,60.89,13.14,461.1,318.44,11.81
2025-08-18 20:00:00,CR-109,PL-02,4.47,68.63,12.86,456.68,319.53,16.0
2025-08-18 20:00:00,CR-129,PL-02,3.09,77.55,12.71,450.47,310.84,14.68
2025-08-22 08:00:00,CR-140,PL-02,3.42,64.94,10.91,473.44,272.06,26.51
2025-08-29 16:00:00,CR-116,PL-03,5.59,72.23,12.15,460.68,305.38,23.57
2025-08-11 20:00:00,CR-103,PL-02,2.41,62.94,11.83,465.21,287.1,16.49
2025-08-19 17:00:00,CR-141,PL-05,4.76,70.74,11.96,460.97,298.67,19.93
2025-08-27 18:00:00,CR-103,PL-03,3.73,70.39,13.37,417.85,293.53,15.51
2025-08-04 22:00:00,CR-141,PL-01,5.41,58.38,12.36,509.61,291.51,22.26
2025-08-18 04:00:00,CR-116,PL-05,3.75,73.78,12.58,415.46,334.41,10.11
2025-08-20 17:00:00,CR-115,PL-02,4.77,65.05,11.81,420.51,276.46,13.53
2025-08-21 20:00:00,CR-125,PL-02,4.92,62.28,12.67,430.62,322.52,23.25
2025-08-08 06:00:00,CR-121,PL-01,3.91,69.77,10.57,501.74,303.75,15.02
2025-08-10 03:00:00,CR-141,PL-02,3.79,77.14,11.98,464.44,302.85,22.32
2025-08-11 16:00:00,CR-139,PL-01,4.52,61.15,11.96,454.8,282.33,25.21
2025-08-18 23:00:00,CR-113,PL-04,4.45,70.36,11.99,459.67,266.03,22.05
2025-08-05 20:00:00,CR-101,PL-02,4.21,62.82,12.25,445.36,282.56,16.29
2025-08-18 04:00:00,CR-138,PL-03,3.97,68.89,12.13,450.22,300.38,21.78
2025-08-25 02:00:00,CR-126,PL-04,3.37,69.04,12.65,414.08,288.61,23.84
2025-08-30 14:00:00,CR-104,PL-01,4.46,74.64,12.92,463.82,301.0,21.64
2025-08-15 15:00:00,CR-140,PL-03,4.56,73.01,11.9,393.71,302.17,18.07
2025-08-30 14:00:00,CR-137,PL-03,3.89,69.9,12.66,466.69,334.18,22.68
2025-08-12 19:00:00,CR-111,PL-04,3.26,71.07,11.72,422.12,307.45,30.49
2025-08-29 13:00:00,CR-147,PL-03,3.8,57.3,13.48,458.28,266.65,27.86
2025-08-04 19:00:00,CR-148,PL-04,4.1,65.78,12.64,430.26,285.49,18.39
2025-08-24 15:00:00,CR-116,PL-02,3.72,73.38,11.38,472.77,297.24,19.78
2025-08-10 05:00:00,CR-115,PL-03,2.44,70.48,12.19,464.01,295.21,24.88
2025-08-25 07:00:00,CR-112,PL-02,3.79,69.1,10.84,463.54,283.16,17.95
2025-08-12 03:00:00,CR-143,PL-01,4.76,76.77,12.94,404.3,276.99,15.74
2025-08-09 20:00:00,CR-111,PL-04,5.09,74.44,10.16,441.41,286.17,18.28
2025-08-15 02:00:00,CR-104,PL-03,14.58,116.19,4.17,662.11,125.47,80.96
2025-08-20 11:00:00,CR-120,PL-01,1.57,63.51,13.09,450.47,293.48,20.86
2025-08-18 06:00:00,CR-131,PL-04,4.19,74.66,11.89,502.5,351.35,15.34
2025-08-10 01:00:00,CR-108,PL-02,4.41,72.9,12.16,436.27,285.94,16.0
2025-08-05 09:00:00,CR-150,PL-04,5.16,70.28,13.06,471.16,297.25,10.0
2025-08-13 19:00:00,CR-124,PL-01,3.31,72.76,11.69,458.37,262.18,18.13
2025-08-25 16:00:00,CR-149,PL-04,3.6,66.55,11.83,431.51,290.51,20.61
2025-08-24 23:00:00,CR-137,PL-02,5.26,65.28,11.82,409.8,309.09,21.83
2025-08-07 20:00:00,CR-110,PL-04,4.18,61.36,10.0,482.07,295.81,20.1
2025-08-29 17:00:00,CR-110,PL-01,2.98,65.77,11.74,477.26,304.82,16.6
2025-08-23 06:00:00,CR-127,PL-04,3.83,73.06,13.81,505.16,307.17,17.92
2025-08-10 06:00:00,CR-112,PL-01,4.52,65.88,12.12,445.18,297.59,17.23
2025-08-01 09:00:00,CR-111,PL-03,2.55,65.61,11.95,447.55,286.35,20.84
2025-08-24 01:00:00,CR-101,PL-01,2.81,72.28,12.57,432.0,334.16,18.96
2025-08-15 03:00:00,CR-132,PL-03,3.9,72.15,12.38,436.83,321.02,10.42
2025-08-06 13:00:00,CR-108,PL-05,2.39,63.86,12.44,433.4,302.43,10.0
2025-08-08 01:00:00,CR-149,PL-01,2.52,69.4,11.22,432.77,317.53,24.83
2025-08-28 00:00:00,CR-141,PL-01,2.75,65.44,13.08,413.61,286.77,24.45
2025-08-28 11:00:00,CR-132,PL-05,5.06,71.79,12.06,454.59,341.92,19.89
2025-08-30 10:00:00,CR-121,PL-04,3.76,76.52,13.42,470.39,302.25,14.41
2025-08-06 19:00:00,CR-112,PL-03,5.28,73.85,11.03,412.71,303.14,27.46
2025-08-25 06:00:00,CR-146,PL-02,3.18,71.15,11.78,449.95,264.42,14.11
2025-08-20 14:00:00,CR-148,PL-03,4.09,72.71,11.25,423.69,318.48,22.09
2025-08-01 10:00:00,CR-135,PL-05,3.31,71.14,12.98,484.86,298.63,16.47
2025-08-07 09:00:00,CR-132,PL-05,4.12,62.14,12.51,442.47,306.95,14.62
2025-08-23 19:00:00,CR-149,PL-02,4.36,71.59,12.25,450.87,290.39,12.6
2025-08-24 23:00:00,CR-108,PL-04,3.98,68.69,11.8,449.05,293.33,27.69
2025-08-15 12:00:00,CR-109,PL-02,5.64,74.49,13.02,457.57,271.15,19.33
2025-08-06 08:00:00,CR-110,PL-05,4.35,70.72,12.77,435.11,320.53,8.12
2025-08-06 04:00:00,CR-122,PL-01,5.73,62.8,12.09,460.84,292.37,21.04
2025-08-10 00:00:00,CR-103,PL-05,5.02,78.67,10.91,444.69,330.04,25.16
2025-08-19 03:00:00,CR-101,PL-03,2.26,68.55,11.46,433.05,265.98,22.33
2025-08-09 19:00:00,CR-108,PL-01,4.44,61.97,11.27,454.15,340.62,15.27
2025-08-06 07:00:00,CR-122,PL-01,5.58,67.31,12.36,429.27,280.71,16.11
2025-08-14 13:00:00,CR-147,PL-01,3.58,61.64,12.23,426.11,302.81,9.77
2025-08-28 06:00:00,CR-112,PL-05,5.26,65.91,12.28,439.7,309.86,24.76
2025-08-04 20:00:00,CR-146,PL-04,5.26,65.36,12.86,434.16,314.79,15.81
2025-08-21 06:00:00,CR-126,PL-02,3.43,75.04,10.83,440.06,299.94,16.42
2025-08-02 01:00:00,CR-127,PL-04,4.17,67.52,11.87,479.23,280.81,24.17
2025-08-10 17:00:00,CR-122,PL-04,1.91,71.51,11.66,417.66,271.24,31.1
2025-08-05 13:00:00,CR-111,PL-01,4.39,75.01,11.13,450.88,297.36,21.0
2025-08-02 15:00:00,CR-114,PL-02,3.05,71.92,12.51,441.32,315.97,10.27
2025-08-06 16:00:00,CR-110,PL-02,5.32,73.37,12.22,407.18,306.77,15.57
2025-08-07 11:00:00,CR-132,PL-05,4.2,76.98,12.41,465.46,314.96,14.43
2025-08-05 08:00:00,CR-112,PL-02,4.62,72.61,14.19,457.82,291.87,24.7
2025-08-14 08:00:00,CR-129,PL-03,3.96,73.23,10.94,445.92,296.96,26.51
2025-08-07 18:00:00,CR-130,PL-05,3.86,71.67,12.89,450.51,286.95,12.61
2025-08-17 22:00:00,CR-122,PL-04,3.53,75.48,11.57,419.49,294.31,18.78
2025-08-30 03:00:00,CR-139,PL-04,3.5,66.3,13.14,410.81,298.52,18.8
2025-08-09 04:00:00,CR-120,PL-03,4.54,64.55,10.91,429.48,295.18,12.57
2025-08-11 07:00:00,CR-120,PL-04,4.5,70.38,12.39,482.55,337.64,16.32
2025-08-21 01:00:00,CR-110,PL-04,5.14,60.64,12.34,457.27,305.17,13.01
2025-08-25 13:00:00,CR-136,PL-01,4.83,62.51,12.36,438.29,325.12,11.9
2025-08-08 01:00:00,CR-145,PL-03,4.95,71.25,11.67,462.81,287.61,9.42
2025-08-07 10:00:00,CR-142,PL-05,4.2,74.92,9.9,480.13,321.72,19.63
2025-08-02 21:00:00,CR-123,PL-03,5.39,68.48,11.88,446.87,300.92,16.33
2025-08-24 03:00:00,CR-130,PL-04,4.13,71.49,12.03,453.0,335.72,15.42
2025-08-01 17:00:00,CR-144,PL-02,2.99,71.27,12.24,432.16,300.99,15.94
2025-08-30 00:00:00,CR-131,PL-05,3.35,69.87,11.61,456.67,315.45,22.05
2025-08-21 04:00:00,CR-107,PL-05,2.88,71.72,12.79,518.87,277.04,8.32
2025-08-19 07:00:00,CR-127,PL-01,5.22,73.28,11.73,495.39,307.95,16.17
2025-08-06 20:00:00,CR-127,PL-01,3.48,75.36,12.57,483.95,286.24,23.7
2025-08-22 16:00:00,CR-118,PL-04,1.64,67.37,11.18,470.03,325.12,18.79
2025-08-06 13:00:00,CR-109,PL-01,3.15,68.71,12.18,494.48,325.7,18.61
2025-08-16 01:00:00,CR-145,PL-02,3.96,73.83,9.26,464.1,275.55,19.06
2025-08-26 21:00:00,CR-126,PL-02,2.93,72.79,10.62,469.47,256.38,9.16
2025-08-03 02:00:00,CR-121,PL-03,1.59,73.41,14.2,393.48,285.95,14.74
2025-08-30 17:00:00,CR-105,PL-02,4.65,69.75,13.34,458.34,286.81,14.6
2025-08-24 17:00:00,CR-122,PL-03,3.82,61.77,12.91,437.97,275.69,22.97
2025-08-23 23:00:00,CR-114,PL-01,2.99,68.15,12.63,468.66,337.34,14.71
2025-08-04 05:00:00,CR-133,PL-05,4.52,69.65,11.54,436.82,288.78,16.64
2025-08-22 19:00:00,CR-139,PL-03,3.89,68.35,10.58,402.82,285.63,15.55
2025-08-22 06:00:00,CR-115,PL-02,3.13,77.63,12.84,452.74,296.19,21.28
2025-08-21 12:00:00,CR-118,PL-02,3.67,72.83,10.19,395.75,264.28,14.88
2025-08-14 12:00:00,CR-109,PL-04,3.17,72.02,12.07,436.89,304.84,20.5
2025-08-07 09:00:00,CR-122,PL-05,4.82,71.4,12.19,448.63,276.21,24.28
2025-08-24 01:00:00,CR-148,PL-05,4.84,77.36,13.67,475.45,309.88,25.25
2025-08-18 17:00:00,CR-127,PL-03,3.86,78.39,12.08,376.97,304.74,16.59
2025-08-30 15:00:00,CR-117,PL-05,3.63,79.97,11.86,437.86,281.06,20.06
2025-08-28 17:00:00,CR-125,PL-04,6.47,70.17,12.33,454.72,294.75,10.38
2025-08-09 08:00:00,CR-144,PL-05,3.47,80.37,11.86,404.3,294.84,16.35
2025-08-26 06:00:00,CR-148,PL-01,4.4,70.43,11.54,494.88,313.36,22.55
2025-08-24 08:00:00,CR-143,PL-02,4.66,60.47,12.69,455.17,300.0,17.14
2025-08-13 12:00:00,CR-104,PL-01,3.63,72.17,11.35,484.81,317.0,20.17
2025-08-14 09:00:00,CR-118,PL-05,5.07,75.71,11.44,408.67,296.74,11.42
2025-08-08 17:00:00,CR-111,PL-02,3.11,65.87,12.93,414.76,266.32,17.18
2025-08-26 01:00:00,CR-103,PL-04,4.7,75.25,12.01,492.05,281.66,14.8
2025-08-03 13:00:00,CR-149,PL-03,3.21,74.06,11.25,471.43,299.54,13.17
2025-08-27 07:00:00,CR-144,PL-05,3.31,58.83,10.87,435.41,273.82,7.02
2025-08-05 10:00:00,CR-126,PL-02,2.96,70.6,12.61,393.56,307.43,21.26
2025-08-24 05:00:00,CR-127,PL-04,3.52,70.96,12.48,409.74,254.84,18.87
2025-08-15 03:00:00,CR-121,PL-02,3.1,74.1,12.06,474.86,329.57,14.81
2025-08-16 10:00:00,CR-106,PL-04,3.44,61.79,10.79,397.9,330.91,23.16
2025-08-25 17:00:00,CR-125,PL-03,6.54,69.69,9.94,449.61,283.43,10.68
2025-08-10 00:00:00,CR-115,PL-01,2.08,72.26,10.97,395.11,323.2,14.94
2025-08-21 09:00:00,CR-136,PL-03,4.4,61.77,12.04,405.26,292.17,12.06
2025-08-19 05:00:00,CR-135,PL-04,2.86,75.44,11.26,495.5,293.37,18.44
2025-08-13 19:00:00,CR-112,PL-03,3.69,71.52,13.13,443.6,313.72,19.31
2025-08-24 07:00:00,CR-140,PL-05,2.97,67.15,13.6,449.69,272.23,17.82
2025-08-26 08:00:00,CR-124,PL-02,2.77,76.33,9.9,473.75,293.69,22.16
2025-08-16 11:00:00,CR-114,PL-01,5.78,69.83,11.64,448.65,302.65,16.21
2025-08-26 22:00:00,CR-129,PL-02,4.5,69.57,12.35,528.94,286.78,25.34
2025-08-11 09:00:00,CR-139,PL-04,3.66,73.3,12.28,505.54,323.71,25.81
2025-08-24 07:00:00,CR-112,PL-01,5.77,73.03,12.28,421.27,319.73,25.47
2025-08-12 20:00:00,CR-119,PL-05,4.02,71.73,12.04,435.3,279.12,22.19
2025-08-20 06:00:00,CR-126,PL-04,18.28,90.48,5.49,668.87,112.69,72.01
2025-08-05 23:00:00,CR-110,PL-03,5.97,69.72,11.25,447.61,332.35,20.54
2025-08-25 12:00:00,CR-145,PL-04,5.01,68.66,11.08,423.53,321.61,23.74
2025-08-24 01:00:00,CR-121,PL-04,3.57,70.44,11.14,437.76,298.09,21.93
2025-08-27 22:00:00,CR-135,PL-01,5.48,70.13,12.71,452.91,320.65,21.76
2025-08-21 00:00:00,CR-132,PL-04,4.35,73.87,13.11,432.36,305.5,16.41
2025-08-10 13:00:00,CR-101,PL-05,5.42,72.38,14.17,475.99,317.04,16.59
2025-08-26 16:00:00,CR-132,PL-01,3.68,61.88,11.41,406.08,302.99,13.41
2025-08-23 10:00:00,CR-109,PL-03,6.08,68.29,13.17,457.13,298.34,17.8
2025-08-02 07:00:00,CR-147,PL-02,3.04,72.14,13.23,395.17,274.88,17.29
2025-08-20 08:00:00,CR-115,PL-03,4.38,78.18,10.72,431.41,309.4,19.67
2025-08-12 08:00:00,CR-134,PL-03,2.61,65.76,10.62,409.69,267.55,19.94
2025-08-10 02:00:00,CR-128,PL-01,3.0,66.2,11.03,452.29,304.49,13.51
2025-08-10 11:00:00,CR-124,PL-05,3.3,66.73,11.41,479.46,313.07,25.25
2025-08-30 03:00:00,CR-119,PL-02,3.48,64.98,12.76,393.04,321.81,17.25
2025-08-09 22:00:00,CR-111,PL-04,4.06,68.25,12.43,440.6,260.7,33.95
2025-08-16 19:00:00,CR-109,PL-05,3.26,70.8,12.15,425.99,329.87,28.4
2025-08-08 02:00:00,CR-110,PL-04,4.92,75.36,12.91,425.19,275.43,22.25
2025-08-23 03:00:00,CR-148,PL-05,2.92,70.03,11.47,450.1,288.99,15.63
2025-08-06 19:00:00,CR-147,PL-03,4.46,63.46,13.88,496.32,312.31,24.53
2025-08-27 08:00:00,CR-150,PL-04,3.66,74.27,10.47,443.14,315.29,21.39
2025-08-09 13:00:00,CR-112,PL-03,5.84,70.55,12.29,416.17,320.3,13.59
2025-08-16 07:00:00,CR-116,PL-03,4.1,68.0,11.58,450.37,287.87,22.27
2025-08-12 07:00:00,CR-137,PL-04,3.3,68.22,11.37,472.68,306.74,20.36
2025-08-28 06:00:00,CR-138,PL-04,1.21,68.53,11.16,467.51,276.41,28.37
2025-08-10 15:00:00,CR-117,PL-01,15.24,100.95,3.09,603.57,114.21,98.19
2025-08-17 18:00:00,CR-125,PL-05,2.99,71.1,12.52,475.23,259.77,10.35
2025-08-21 00:00:00,CR-127,PL-03,4.13,77.22,14.15,432.66,312.69,22.89
2025-08-06 07:00:00,CR-102,PL-02,6.05,63.79,10.8,432.91,319.89,17.98
2025-08-16 08:00:00,CR-116,PL-02,5.98,64.2,11.43,398.73,320.69,14.32
2025-08-27 03:00:00,CR-148,PL-04,5.43,69.41,12.25,438.39,327.55,11.0
2025-08-27 21:00:00,CR-105,PL-03,3.04,75.11,11.95,432.95,274.22,18.29
2025-08-04 04:00:00,CR-108,PL-03,2.11,71.35,11.72,444.33,298.85,20.46
2025-08-21 16:00:00,CR-110,PL-03,2.22,71.41,11.87,423.22,321.66,20.51
2025-08-25 04:00:00,CR-120,PL-01,4.16,54.05,11.67,488.94,290.91,19.99
2025-08-24 01:00:00,CR-107,PL-05,4.48,61.43,12.84,482.76,278.84,16.17
2025-08-12 16:00:00,CR-131,PL-01,6.29,80.01,12.91,408.68,308.45,21.61
2025-08-06 11:00:00,CR-145,PL-02,4.37,68.35,11.73,469.67,300.24,20.96
2025-08-21 11:00:00,CR-107,PL-02,6.01,74.75,12.47,397.05,290.64,17.07
2025-08-16 13:00:00,CR-142,PL-01,4.68,72.53,11.41,427.81,311.7,14.74
2025-08-14 04:00:00,CR-133,PL-02,4.54,64.23,12.81,430.39,312.78,18.24
2025-08-14 09:00:00,CR-150,PL-04,3.53,69.09,11.04,417.72,310.56,16.28
2025-08-27 00:00:00,CR-131,PL-02,0.75,70.54,11.99,448.15,296.53,19.94
2025-08-14 10:00:00,CR-102,PL-01,4.45,73.32,12.27,457.83,294.37,8.48
2025-08-17 02:00:00,CR-148,PL-02,3.58,70.42,13.46,474.55,295.33,19.27
2025-08-23 00:00:00,CR-110,PL-03,3.22,65.63,11.43,451.51,281.26,19.95
2025-08-29 14:00:00,CR-138,PL-01,4.52,70.3,9.58,444.21,326.88,11.12
2025-08-28 06:00:00,CR-142,PL-03,4.13,63.39,11.91,395.61,320.26,18.46
2025-08-17 01:00:00,CR-104,PL-05,3.51,65.25,12.75,459.47,284.63,25.3
2025-08-06 06:00:00,CR-137,PL-02,1.43,69.71,13.47,490.58,321.04,19.9
2025-08-07 14:00:00,CR-131,PL-01,2.98,71.09,12.45,490.2,323.64,14.85
2025-08-30 21:00:00,CR-119,PL-05,2.65,74.93,12.83,414.99,290.84,16.08
2025-08-01 17:00:00,CR-147,PL-05,3.37,65.31,12.31,497.97,300.09,23.27
2025-08-04 14:00:00,CR-122,PL-04,4.44,62.33,11.8,398.97,318.96,11.44
2025-08-10 14:00:00,CR-101,PL-03,4.04,69.22,10.09,444.56,281.05,21.75
2025-08-14 11:00:00,CR-101,PL-03,6.46,71.55,12.56,439.15,289.65,22.19
2025-08-19 16:00:00,CR-138,PL-02,5.4,72.74,11.62,456.11,281.61,20.94
2025-08-23 06:00:00,CR-147,PL-03,3.49,77.41,13.29,471.73,263.09,23.22
2025-08-15 01:00:00,CR-137,PL-03,1.58,64.57,11.53,446.93,309.05,14.55
2025-08-09 15:00:00,CR-118,PL-04,4.72,71.34,11.75,438.52,312.37,20.65
2025-08-09 23:00:00,CR-120,PL-03,2.76,69.01,10.89,445.54,302.01,18.0
2025-08-01 11:00:00,CR-111,PL-01,5.7,67.76,11.45,420.21,272.54,11.65
2025-08-20 18:00:00,CR-101,PL-01,5.67,68.74,11.38,466.61,274.96,19.2
2025-08-08 22:00:00,CR-147,PL-03,2.72,71.7,12.82,467.93,328.91,12.34
2025-08-05 12:00:00,CR-129,PL-04,2.92,70.3,12.9,450.79,287.93,18.74
2025-08-25 01:00:00,CR-118,PL-01,3.34,61.23,12.39,478.24,288.12,31.13
2025-08-03 02:00:00,CR-124,PL-05,4.88,68.72,11.88,438.72,257.7,13.01
2025-08-15 19:00:00,CR-106,PL-04,5.01,76.17,10.88,469.66,316.88,11.43
2025-08-04 18:00:00,CR-120,PL-01,3.75,64.37,10.92,466.78,296.81,24.79
2025-08-29 20:00:00,CR-104,PL-02,3.96,65.43,12.35,470.45,309.35,15.79
2025-08-15 08:00:00,CR-122,PL-04,4.06,77.89,9.75,476.78,333.52,15.23
2025-08-08 14:00:00,CR-112,PL-01,4.98,68.64,11.04,446.92,293.88,15.41
2025-08-29 13:00:00,CR-127,PL-01,6.04,66.29,12.99,460.52,238.37,25.83
2025-08-28 02:00:00,CR-149,PL-04,3.91,70.54,15.16,441.14,301.25,19.88
2025-08-26 09:00:00,CR-150,PL-04,3.06,74.21,11.18,472.49,288.31,21.11
2025-08-16 20:00:00,CR-125,PL-04,4.5,61.29,13.32,400.69,333.11,13.65
2025-08-26 07:00:00,CR-110,PL-01,5.32,67.56,11.5,403.52,297.24,21.91
2025-08-27 11:00:00,CR-134,PL-05,4.23,68.13,13.67,400.24,280.11,10.39
2025-08-21 22:00:00,CR-132,PL-01,3.58,69.89,12.86,409.16,312.12,28.28
2025-08-26 14:00:00,CR-138,PL-02,3.59,75.97,12.82,457.45,324.59,12.03
2025-08-14 11:00:00,CR-145,PL-02,5.53,71.62,10.84,422.61,324.41,22.63
2025-08-12 04:00:00,CR-109,PL-04,3.53,65.67,11.47,478.7,294.96,21.56
2025-08-29 12:00:00,CR-116,PL-02,5.99,70.36,13.01,471.14,307.59,16.44
2025-08-10 13:00:00,CR-122,PL-01,5.1,69.21,12.49,451.05,287.88,26.03
2025-08-30 13:00:00,CR-109,PL-04,2.84,75.74,12.57,435.09,300.88,14.03
2025-08-19 10:00:00,CR-139,PL-02,4.62,71.4,12.18,439.58,283.06,16.14
2025-08-01 02:00:00,CR-147,PL-04,4.52,70.75,11.43,431.19,312.93,14.36
2025-08-05 10:00:00,CR-102,PL-01,2.94,72.46,12.94,436.46,297.32,19.15
2025-08-07 08:00:00,CR-148,PL-03,5.19,65.99,11.15,475.29,333.66,29.72
2025-08-30 12:00:00,CR-117,PL-03,5.08,62.93,12.51,466.07,303.12,16.94
2025-08-09 17:00:00,CR-116,PL-02,6.09,76.52,11.22,424.84,297.89,24.81
2025-08-18 03:00:00,CR-125,PL-01,4.93,72.9,12.64,414.16,266.78,26.4
2025-08-17 06:00:00,CR-127,PL-04,5.08,80.03,13.54,504.78,280.9,23.68
2025-08-05 22:00:00,CR-113,PL-03,3.95,68.27,12.21,462.85,295.37,25.01
2025-08-28 17:00:00,CR-131,PL-01,3.0,74.0,12.39,512.57,300.93,21.78
2025-08-05 09:00:00,CR-123,PL-04,3.67,62.36,12.19,486.86,274.14,12.7
2025-08-03 20:00:00,CR-150,PL-04,2.08,69.62,12.46,437.33,285.51,15.01
2025-08-18 17:00:00,CR-125,PL-04,3.71,69.05,12.5,488.82,310.04,19.31
2025-08-20 02:00:00,CR-111,PL-01,5.9,77.04,11.59,457.16,308.57,18.93
2025-08-14 11:00:00,CR-102,PL-03,5.11,73.4,12.01,447.26,331.25,28.37
2025-08-15 21:00:00,CR-106,PL-03,3.28,74.67,10.94,416.22,302.46,24.81
2025-08-23 22:00:00,CR-116,PL-02,2.63,64.86,13.99,512.14,279.03,17.59
2025-08-10 09:00:00,CR-119,PL-01,3.41,74.37,11.63,450.76,285.89,15.47
2025-08-17 17:00:00,CR-108,PL-02,5.78,70.51,13.75,444.22,295.76,20.95
2025-08-06 22:00:00,CR-143,PL-04,4.14,74.81,14.02,398.78,293.44,25.34
2025-08-26 08:00:00,CR-115,PL-03,1.79,72.94,11.99,440.36,269.06,21.74
2025-08-07 08:00:00,CR-109,PL-05,2.49,70.36,11.19,440.65,314.52,20.83
2025-08-27 08:00:00,CR-145,PL-02,4.34,72.68,13.17,372.5,293.35,15.5
2025-08-02 18:00:00,CR-118,PL-04,3.87,63.19,10.46,452.46,315.96,12.81
2025-08-18 09:00:00,CR-138,PL-05,3.67,68.47,11.45,434.34,328.59,26.36
2025-08-25 22:00:00,CR-138,PL-05,3.76,77.96,12.43,436.42,290.74,5.88
2025-08-23 06:00:00,CR-109,PL-02,5.47,68.01,12.5,498.51,319.28,26.8
2025-08-02 07:00:00,CR-122,PL-01,4.79,75.61,12.53,476.0,288.75,20.08
2025-08-04 11:00:00,CR-144,PL-01,5.03,66.77,12.15,449.37,307.42,30.37
2025-08-06 13:00:00,CR-141,PL-05,4.55,79.61,12.96,455.74,268.63,19.2
2025-08-27 09:00:00,CR-135,PL-05,3.89,69.33,12.1,413.54,261.29,12.03
2025-08-08 15:00:00,CR-147,PL-02,3.55,72.18,12.62,457.15,296.76,10.7
2025-08-04 22:00:00,CR-107,PL-05,5.91,73.7,12.26,424.52,332.93,10.89
2025-08-08 23:00:00,CR-110,PL-05,4.12,65.74,13.12,417.47,299.56,22.58
2025-08-29 00:00:00,CR-145,PL-01,3.24,62.13,10.25,456.36,294.86,13.39
2025-08-14 11:00:00,CR-116,PL-04,1.59,69.76,12.19,473.45,307.75,15.9
2025-08-01 16:00:00,CR-133,PL-02,3.92,70.9,14.02,509.52,264.08,24.16
2025-08-22 10:00:00,CR-132,PL-01,3.97,60.66,11.88,474.33,312.98,18.18
2025-08-22 10:00:00,CR-112,PL-03,3.93,64.74,12.03,422.9,337.77,23.64
2025-08-21 11:00:00,CR-104,PL-02,4.31,66.75,12.66,489.35,302.19,22.56
2025-08-03 06:00:00,CR-106,PL-02,3.96,71.26,11.95,417.14,293.37,13.5
2025-08-16 22:00:00,CR-122,PL-05,2.74,72.69,11.82,451.41,311.24,20.07
2025-08-26 21:00:00,CR-150,PL-05,4.9,67.89,9.93,493.75,289.57,24.78
2025-08-02 13:00:00,CR-105,PL-02,4.92,74.17,12.22,404.03,296.86,21.4
2025-08-26 00:00:00,CR-127,PL-04,5.75,75.01,10.71,480.22,278.33,22.91
2025-08-16 10:00:00,CR-123,PL-04,1.49,65.83,11.0,447.21,336.4,13.33
2025-08-04 13:00:00,CR-149,PL-05,4.02,62.46,11.94,475.8,322.29,20.78
2025-08-08 23:00:00,CR-107,PL-04,16.44,101.93,5.9,750.21,134.26,82.85
2025-08-08 19:00:00,CR-139,PL-01,5.33,68.52,12.72,461.17,311.87,34.09
2025-08-16 21:00:00,CR-121,PL-05,4.78,65.76,12.16,454.18,286.98,22.12
2025-08-16 01:00:00,CR-134,PL-03,4.54,74.41,12.48,413.89,342.32,24.05
2025-08-23 01:00:00,CR-107,PL-04,3.68,74.76,11.29,455.82,332.0,14.5
2025-08-26 07:00:00,CR-101,PL-01,4.64,62.66,12.15,442.26,311.21,20.25
2025-08-04 05:00:00,CR-143,PL-05,2.11,67.27,10.74,407.66,305.27,9.97
2025-08-10 19:00:00,CR-134,PL-04,4.39,72.78,12.09,450.69,267.33,13.77
2025-08-13 17:00:00,CR-150,PL-02,4.07,65.52,11.28,418.57,297.94,7.91
2025-08-25 13:00:00,CR-140,PL-04,5.35,68.79,13.58,415.94,310.82,18.5
2025-08-21 20:00:00,CR-120,PL-04,2.61,59.3,10.6,472.48,292.94,23.67
2025-08-07 08:00:00,CR-150,PL-02,4.12,68.5,12.97,442.81,353.42,18.57
2025-08-30 10:00:00,CR-110,PL-02,3.0,72.19,11.32,482.38,284.81,21.38
2025-08-08 19:00:00,CR-116,PL-01,4.14,62.43,11.25,419.88,294.3,15.79
2025-08-16 03:00:00,CR-117,PL-03,3.64,65.63,13.63,505.0,306.55,16.77
2025-08-02 05:00:00,CR-149,PL-05,4.3,75.89,10.87,403.53,331.05,18.34
2025-08-15 16:00:00,CR-106,PL-05,5.02,70.85,12.07,422.3,317.45,15.32
2025-08-28 09:00:00,CR-104,PL-02,5.95,67.17,13.1,433.39,305.8,16.96
2025-08-23 07:00:00,CR-137,PL-03,17.97,99.99,3.72,769.65,144.01,60.63
2025-08-13 23:00:00,CR-122,PL-04,3.54,68.43,10.25,496.71,277.33,13.88
2025-08-17 06:00:00,CR-138,PL-03,4.35,74.77,11.7,412.53,279.2,15.55
2025-08-29 01:00:00,CR-119,PL-03,4.14,67.11,11.42,481.67,272.54,27.6
2025-08-14 18:00:00,CR-104,PL-02,5.98,68.34,12.87,460.53,294.12,7.15
2025-08-07 05:00:00,CR-110,PL-03,3.63,67.04,12.26,404.54,342.28,24.49
2025-08-25 15:00:00,CR-133,PL-05,3.8,65.59,11.7,417.56,308.17,16.93
2025-08-14 22:00:00,CR-140,PL-03,3.63,75.1,13.35,434.58,309.48,19.23
2025-08-07 01:00:00,CR-129,PL-05,4.6,69.32,14.66,473.61,292.13,14.23
2025-08-21 17:00:00,CR-128,PL-03,2.0,73.08,12.68,450.42,314.91,9.88
2025-08-30 01:00:00,CR-133,PL-01,3.72,71.16,12.86,434.72,276.36,8.84
2025-08-16 17:00:00,CR-118,PL-03,2.48,66.69,10.95,448.63,280.59,22.91
2025-08-05 00:00:00,CR-107,PL-03,2.69,73.77,12.31,424.17,287.09,16.67
2025-08-15 10:00:00,CR-112,PL-04,3.0,71.59,12.42,443.61,293.26,10.29
2025-08-04 10:00:00,CR-144,PL-04,4.42,62.5,12.96,434.98,312.58,23.5
2025-08-24 04:00:00,CR-150,PL-03,4.39,73.11,11.51,444.8,309.32,20.96
2025-08-17 12:00:00,CR-148,PL-03,3.97,66.05,12.3,473.65,327.92,19.35
2025-08-12 00:00:00,CR-104,PL-05,3.39,66.77,13.35,449.52,290.11,16.93
2025-08-05 19:00:00,CR-131,PL-04,4.81,66.73,10.95,451.03,315.88,20.23
2025-08-26 09:00:00,CR-129,PL-05,4.77,58.87,12.24,481.73,333.93,14.65
2025-08-11 06:00:00,CR-136,PL-03,3.59,69.43,9.48,446.15,300.54,13.85
2025-08-27 23:00:00,CR-109,PL-03,6.12,66.59,13.29,448.28,297.18,17.03
2025-08-13 17:00:00,CR-133,PL-05,2.82,60.28,11.76,470.57,282.26,26.67
2025-08-15 23:00:00,CR-150,PL-01,4.12,70.11,11.74,460.47,290.77,19.13
2025-08-06 05:00:00,CR-108,PL-04,18.95,114.22,2.04,792.4,118.8,68.65
2025-08-15 21:00:00,CR-111,PL-03,4.24,64.28,12.99,442.75,265.92,16.59
2025-08-21 05:00:00,CR-132,PL-03,4.4,66.83,12.18,457.05,299.55,20.12
2025-08-05 18:00:00,CR-122,PL-03,5.19,65.92,8.94,428.96,305.18,20.98
2025-08-15 23:00:00,CR-140,PL-04,14.66,108.85,4.76,620.53,137.54,79.01
2025-08-26 17:00:00,CR-130,PL-01,2.1,63.59,12.07,410.24,313.25,24.93
2025-08-15 14:00:00,CR-120,PL-01,4.12,67.18,13.08,476.41,294.15,17.48
2025-08-19 06:00:00,CR-118,PL-04,2.27,73.23,12.0,484.92,266.32,17.42
2025-08-18 06:00:00,CR-127,PL-05,5.29,71.54,13.19,436.99,334.57,28.69
2025-08-19 01:00:00,CR-117,PL-04,4.68,78.46,12.05,417.41,295.01,20.68
2025-08-02 02:00:00,CR-137,PL-04,3.05,71.63,12.75,438.74,297.76,21.38
2025-08-23 18:00:00,CR-121,PL-04,4.05,77.62,12.51,472.6,313.42,17.5
2025-08-01 21:00:00,CR-125,PL-03,4.62,74.26,12.83,464.55,282.17,13.34
2025-08-17 04:00:00,CR-119,PL-04,3.3,59.15,11.18,409.32,279.62,20.85
2025-08-16 18:00:00,CR-128,PL-02,2.58,70.11,12.24,467.28,294.18,16.28
2025-08-06 17:00:00,CR-150,PL-05,4.62,65.98,14.04,429.65,359.28,28.24
2025-08-06 12:00:00,CR-133,PL-03,3.41,73.44,12.82,461.81,279.44,16.81
2025-08-25 05:00:00,CR-136,PL-03,2.94,67.06,13.04,450.49,269.21,18.91
2025-08-30 13:00:00,CR-137,PL-04,3.85,73.26,10.94,401.52,327.82,25.95
2025-08-21 07:00:00,CR-115,PL-02,5.02,74.03,12.14,474.41,326.46,20.11
2025-08-24 21:00:00,CR-148,PL-04,4.14,70.07,13.28,451.49,287.57,19.13
2025-08-04 20:00:00,CR-137,PL-01,4.38,77.75,11.99,452.59,285.6,28.59
2025-08-07 05:00:00,CR-146,PL-04,5.44,74.0,12.05,375.18,291.69,23.11
2025-08-26 18:00:00,CR-135,PL-01,3.23,72.24,11.98,461.71,271.69,16.4
2025-08-26 05:00:00,CR-122,PL-05,2.4,72.03,13.48,482.86,268.38,17.45
2025-08-12 00:00:00,CR-101,PL-04,4.07,66.24,11.79,458.78,290.87,12.0
2025-08-02 23:00:00,CR-133,PL-05,4.14,69.67,13.48,437.73,298.43,10.77
2025-08-21 22:00:00,CR-123,PL-02,3.23,76.74,12.52,472.82,333.65,16.92
2025-08-25 04:00:00,CR-149,PL-03,3.68,66.58,11.93,474.51,300.64,19.34
2025-08-17 12:00:00,CR-107,PL-05,5.57,70.76,11.31,413.36,315.87,21.63
2025-08-22 14:00:00,CR-115,PL-01,5.54,72.76,11.13,452.69,297.94,13.15
2025-08-30 01:00:00,CR-104,PL-04,4.64,71.22,12.12,480.86,287.89,21.95
2025-08-20 16:00:00,CR-136,PL-05,4.24,72.96,12.71,465.9,282.19,18.09
2025-08-26 02:00:00,CR-106,PL-05,3.55,72.58,11.26,490.91,321.62,22.27
2025-08-13 02:00:00,CR-106,PL-02,4.18,70.64,11.18,408.24,309.68,17.32
2025-08-23 22:00:00,CR-135,PL-03,2.89,78.05,12.97,532.22,307.63,16.22
2025-08-09 13:00:00,CR-146,PL-04,3.12,76.26,10.92,424.27,297.21,14.9
2025-08-08 01:00:00,CR-115,PL-05,5.43,74.24,12.22,437.6,289.44,14.85
2025-08-01 10:00:00,CR-146,PL-05,4.14,78.12,12.58,440.37,296.1,17.45
2025-08-02 22:00:00,CR-144,PL-03,2.55,61.5,12.4,429.65,315.59,20.79
2025-08-29 13:00:00,CR-117,PL-02,5.68,56.14,11.53,437.61,282.35,20.63
2025-08-24 18:00:00,CR-118,PL-02,4.57,69.94,13.95,432.82,308.76,17.84
2025-08-09 14:00:00,CR-118,PL-05,3.82,73.88,10.53,453.39,331.51,19.42
2025-08-26 12:00:00,CR-109,PL-02,3.0,70.9,12.35,415.2,300.27,18.22
2025-08-21 05:00:00,CR-106,PL-05,5.01,69.66,12.76,461.19,288.49,18.83
2025-08-11 11:00:00,CR-114,PL-05,4.16,67.12,11.27,496.25,324.42,15.94
2025-08-04 05:00:00,CR-112,PL-02,3.5,68.57,11.64,444.49,307.28,13.76
2025-08-26 17:00:00,CR-108,PL-05,4.53,61.6,11.61,431.47,315.35,23.32
2025-08-22 11:00:00,CR-145,PL-01,3.5,69.78,11.79,440.91,283.67,23.64
2025-08-17 12:00:00,CR-147,PL-02,4.9,58.09,12.61,407.83,310.67,16.71
2025-08-29 22:00:00,CR-128,PL-02,4.39,69.73,13.47,491.4,293.57,14.94
2025-08-06 00:00:00,CR-104,PL-01,3.81,72.14,11.26,426.1,293.47,7.74
2025-08-28 18:00:00,CR-145,PL-04,3.97,71.82,10.86,476.39,264.2,12.67
2025-08-07 04:00:00,CR-129,PL-02,2.87,65.91,11.77,444.15,274.48,18.62
2025-08-26 04:00:00,CR-127,PL-05,3.38,62.54,10.33,467.79,302.62,14.0
2025-08-12 12:00:00,CR-112,PL-05,5.64,63.85,12.11,466.9,323.48,17.37
2025-08-24 22:00:00,CR-146,PL-01,4.98,61.88,10.79,459.45,326.64,17.3
2025-08-03 10:00:00,CR-123,PL-02,3.66,62.49,10.76,463.01,320.22,22.21
2025-08-31 00:00:00,CR-113,PL-02,3.44,71.7,11.3,440.42,299.43,18.22
